ID,Category,Question,Sample Answer,Answer Type,Source Basis
1,University Overview,What is Meridian University?,"Meridian University is an independent, coeducational institution offering undergraduate, postgraduate and doctoral programs across six schools. It was founded in 1978 on a 120-acre campus and has 5,000+ students from 30+ countries.",Direct,Reference + Answered FAQ
2,University Overview,When was Meridian University established?,Meridian University was established in 1978.,Direct,Reference + Answered FAQ
3,University Overview,Where is Meridian University located?,"The listed campus address is 221 Harborview Road, Meridian City, MC 40210.",Direct,Reference + Answered FAQ
4,University Overview,What type of university is Meridian University?,"The reference describes Meridian as an independent, coeducational institution.",Direct,Reference + Answered FAQ
5,University Overview,Is Meridian University coeducational?,Yes. The reference describes Meridian as coeducational.,Direct,Reference + Answered FAQ
6,University Overview,How large is the campus?,The campus is 120 acres.,Direct,Reference + Answered FAQ
7,University Overview,How many students study at Meridian?,"Meridian has 5,000+ students.",Direct,Reference + Answered FAQ
8,University Overview,How many faculty members does Meridian have?,The University at a Glance section lists 150+ faculty.,Direct,Reference + Answered FAQ
9,University Overview,How many countries are represented among Meridian students?,The overview says students come from more than 30 countries.,Direct,Reference + Answered FAQ
10,University Overview,How many programs does Meridian offer?,The University at a Glance section lists 50+ programs.,Direct,Reference + Answered FAQ
11,University Overview,What is Meridian University's motto?,The university motto/tagline is “Inspiring Tomorrow’s Leaders.”,Direct,Reference + Answered FAQ
12,University Overview,What is Meridian University's mission?,"To deliver an education that is rigorous, relevant and accessible, preparing students to lead with competence and integrity.",Direct,Reference + Answered FAQ
13,University Overview,What is Meridian University's vision?,To be recognized among the world’s most trusted institutions for producing graduates who shape the industries they enter.,Direct,Reference + Answered FAQ
14,University Overview,What are Meridian University's core values?,"Academic Integrity, Real-World Relevance, Inclusive Community, and Responsible Innovation.",Direct,Reference + Answered FAQ
15,University Overview,What is the history of Meridian University?,"1978: opened with one School of Engineering and 240 students; 1991: School of Management established; 2004: national accreditation for doctoral research programs; 2016: Innovation Labs and incubation wing opened; 2024: enrollment crossed 5,000 across six schools and 50+ programs.",Direct,Reference + Answered FAQ
16,University Overview,Who is the Vice Chancellor of Meridian University?,The Vice Chancellor is Dr. Helena Cross.,Direct,Reference + Answered FAQ
17,University Overview,What is Meridian University's placement rate?,95% placement rate.,Direct,Reference + Answered FAQ
18,University Overview,How many alumni does Meridian University have?,"40,000+ alumni working across 70 countries and every major industry.",Direct,Reference + Answered FAQ
19,University Overview,How much active research funding does Meridian have?,Over $40M in active research funding across engineering and sciences.,Direct,Reference + Answered FAQ
20,University Overview,How many international partner universities does Meridian have?,60+ partner universities worldwide through exchange and research agreements.,Direct,Reference + Answered FAQ
21,University Overview,What are Meridian University's major achievements?,"The reference lists a top-25 private-university national ranking for four consecutive years, over $40M in active research funding, 60+ exchange/research partners, and 40,000+ alumni across 70 countries.",Direct,Reference + Answered FAQ
22,University Overview,Is Meridian University accredited?,"Yes. The reference lists the National Board of Accreditation, International Association of Universities, Global Business School Network, and Engineering Council Certified among its accreditations/recognitions.",Direct,Reference + Answered FAQ
23,University Overview,What accreditations does Meridian University have?,National Board of Accreditation; International Association of Universities; Global Business School Network; Engineering Council Certified.,Direct,Reference + Answered FAQ
24,University Overview,How is Meridian different according to the reference?,"The reference emphasizes rigorous academics combined with industry exposure, research and community engagement, supported by innovation labs, research opportunities, clubs, sports facilities and residence halls.",Direct,Reference + Answered FAQ
25,Schools,How many schools does Meridian University have?,Meridian has six schools.,Direct,Reference + Answered FAQ
26,Schools,What schools are available at Meridian University?,The six schools are: School of Engineering; School of Computer Science; School of Business / Management; School of Arts; School of Science; School of Commerce.,Direct,Reference + Answered FAQ
27,Schools,What does the School of Engineering focus on?,"The School of Engineering focuses on Core, computer and electronics engineering with strong lab exposure.",Direct,Reference + Answered FAQ
28,Schools,Tell me about the School of Engineering.,"The School of Engineering focuses on Core, computer and electronics engineering with strong lab exposure.",Direct,Reference + Answered FAQ
29,Schools,Which subjects are covered by the School of Engineering?,"The reference describes the School of Engineering as focusing on Core, computer and electronics engineering with strong lab exposure.",Direct,Reference + Answered FAQ
30,Schools,What does the School of Computer Science focus on?,"The School of Computer Science focuses on Software, AI, data science and cybersecurity.",Direct,Reference + Answered FAQ
31,Schools,Tell me about the School of Computer Science.,"The School of Computer Science focuses on Software, AI, data science and cybersecurity.",Direct,Reference + Answered FAQ
32,Schools,Which subjects are covered by the School of Computer Science?,"The reference describes the School of Computer Science as focusing on Software, AI, data science and cybersecurity.",Direct,Reference + Answered FAQ
33,Schools,What does the School of Business / Management focus on?,"The School of Business / Management focuses on Finance, marketing and entrepreneurship.",Direct,Reference + Answered FAQ
34,Schools,Tell me about the School of Business / Management.,"The School of Business / Management focuses on Finance, marketing and entrepreneurship.",Direct,Reference + Answered FAQ
35,Schools,Which subjects are covered by the School of Business / Management?,"The reference describes the School of Business / Management as focusing on Finance, marketing and entrepreneurship.",Direct,Reference + Answered FAQ
36,Schools,What does the School of Arts focus on?,"The School of Arts focuses on Design, media, literature and humanities.",Direct,Reference + Answered FAQ
37,Schools,Tell me about the School of Arts.,"The School of Arts focuses on Design, media, literature and humanities.",Direct,Reference + Answered FAQ
38,Schools,Which subjects are covered by the School of Arts?,"The reference describes the School of Arts as focusing on Design, media, literature and humanities.",Direct,Reference + Answered FAQ
39,Schools,What does the School of Science focus on?,"The School of Science focuses on Physics, chemistry, biology and mathematics with research tracks.",Direct,Reference + Answered FAQ
40,Schools,Tell me about the School of Science.,"The School of Science focuses on Physics, chemistry, biology and mathematics with research tracks.",Direct,Reference + Answered FAQ
41,Schools,Which subjects are covered by the School of Science?,"The reference describes the School of Science as focusing on Physics, chemistry, biology and mathematics with research tracks.",Direct,Reference + Answered FAQ
42,Schools,What does the School of Commerce focus on?,"The School of Commerce focuses on Accounting, economics and business analytics.",Direct,Reference + Answered FAQ
43,Schools,Tell me about the School of Commerce.,"The School of Commerce focuses on Accounting, economics and business analytics.",Direct,Reference + Answered FAQ
44,Schools,Which subjects are covered by the School of Commerce?,"The reference describes the School of Commerce as focusing on Accounting, economics and business analytics.",Direct,Reference + Answered FAQ
45,Undergraduate Programs,Is B.Tech Computer Science available?,Yes. B.Tech Computer Science is listed as an undergraduate program.,Direct,Reference + Answered FAQ
46,Undergraduate Programs,What is the duration of B.Tech Computer Science?,The duration of B.Tech Computer Science is 4 Years.,Direct,Reference + Answered FAQ
47,Undergraduate Programs,What is the eligibility for B.Tech Computer Science?,The listed eligibility for B.Tech Computer Science is 10+2 (PCM).,Direct,Reference + Answered FAQ
48,Undergraduate Programs,What is the tuition fee for B.Tech Computer Science?,"The listed tuition for B.Tech Computer Science is $14,500 per year.",Direct,Reference + Answered FAQ
49,Undergraduate Programs,How much does B.Tech Computer Science cost per year?,"The listed tuition for B.Tech Computer Science is $14,500 per year.",Direct,Reference + Answered FAQ
50,Undergraduate Programs,What qualification do I need for B.Tech Computer Science?,The reference lists 10+2 (PCM) as the eligibility for B.Tech Computer Science.,Direct,Reference + Answered FAQ
51,Undergraduate Programs,How long is B.Tech Computer Science?,B.Tech Computer Science is a 4 Years program.,Direct,Reference + Answered FAQ
52,Undergraduate Programs,Is B.Tech AI & Machine Learning available?,Yes. B.Tech AI & Machine Learning is listed as an undergraduate program.,Direct,Reference + Answered FAQ
53,Undergraduate Programs,What is the duration of B.Tech AI & Machine Learning?,The duration of B.Tech AI & Machine Learning is 4 Years.,Direct,Reference + Answered FAQ
54,Undergraduate Programs,What is the eligibility for B.Tech AI & Machine Learning?,The listed eligibility for B.Tech AI & Machine Learning is 10+2 (PCM).,Direct,Reference + Answered FAQ
55,Undergraduate Programs,What is the tuition fee for B.Tech AI & Machine Learning?,"The listed tuition for B.Tech AI & Machine Learning is $15,200 per year.",Direct,Reference + Answered FAQ
56,Undergraduate Programs,How much does B.Tech AI & Machine Learning cost per year?,"The listed tuition for B.Tech AI & Machine Learning is $15,200 per year.",Direct,Reference + Answered FAQ
57,Undergraduate Programs,What qualification do I need for B.Tech AI & Machine Learning?,The reference lists 10+2 (PCM) as the eligibility for B.Tech AI & Machine Learning.,Direct,Reference + Answered FAQ
58,Undergraduate Programs,How long is B.Tech AI & Machine Learning?,B.Tech AI & Machine Learning is a 4 Years program.,Direct,Reference + Answered FAQ
59,Undergraduate Programs,Is B.Tech Information Technology available?,Yes. B.Tech Information Technology is listed as an undergraduate program.,Direct,Reference + Answered FAQ
60,Undergraduate Programs,What is the duration of B.Tech Information Technology?,The duration of B.Tech Information Technology is 4 Years.,Direct,Reference + Answered FAQ
61,Undergraduate Programs,What is the eligibility for B.Tech Information Technology?,The listed eligibility for B.Tech Information Technology is 10+2 (PCM).,Direct,Reference + Answered FAQ
62,Undergraduate Programs,What is the tuition fee for B.Tech Information Technology?,"The listed tuition for B.Tech Information Technology is $14,200 per year.",Direct,Reference + Answered FAQ
63,Undergraduate Programs,How much does B.Tech Information Technology cost per year?,"The listed tuition for B.Tech Information Technology is $14,200 per year.",Direct,Reference + Answered FAQ
64,Undergraduate Programs,What qualification do I need for B.Tech Information Technology?,The reference lists 10+2 (PCM) as the eligibility for B.Tech Information Technology.,Direct,Reference + Answered FAQ
65,Undergraduate Programs,How long is B.Tech Information Technology?,B.Tech Information Technology is a 4 Years program.,Direct,Reference + Answered FAQ
66,Undergraduate Programs,Is Bachelor of Business Administration (BBA) available?,Yes. Bachelor of Business Administration (BBA) is listed as an undergraduate program.,Direct,Reference + Answered FAQ
67,Undergraduate Programs,What is the duration of Bachelor of Business Administration (BBA)?,The duration of Bachelor of Business Administration (BBA) is 3 Years.,Direct,Reference + Answered FAQ
68,Undergraduate Programs,What is the eligibility for Bachelor of Business Administration (BBA)?,The listed eligibility for Bachelor of Business Administration (BBA) is 10+2 (Any Stream).,Direct,Reference + Answered FAQ
69,Undergraduate Programs,What is the tuition fee for Bachelor of Business Administration (BBA)?,"The listed tuition for Bachelor of Business Administration (BBA) is $10,800 per year.",Direct,Reference + Answered FAQ
70,Undergraduate Programs,How much does Bachelor of Business Administration (BBA) cost per year?,"The listed tuition for Bachelor of Business Administration (BBA) is $10,800 per year.",Direct,Reference + Answered FAQ
71,Undergraduate Programs,What qualification do I need for Bachelor of Business Administration (BBA)?,The reference lists 10+2 (Any Stream) as the eligibility for Bachelor of Business Administration (BBA).,Direct,Reference + Answered FAQ
72,Undergraduate Programs,How long is Bachelor of Business Administration (BBA)?,Bachelor of Business Administration (BBA) is a 3 Years program.,Direct,Reference + Answered FAQ
73,Undergraduate Programs,Is Bachelor of Computer Applications (BCA) available?,Yes. Bachelor of Computer Applications (BCA) is listed as an undergraduate program.,Direct,Reference + Answered FAQ
74,Undergraduate Programs,What is the duration of Bachelor of Computer Applications (BCA)?,The duration of Bachelor of Computer Applications (BCA) is 3 Years.,Direct,Reference + Answered FAQ
75,Undergraduate Programs,What is the eligibility for Bachelor of Computer Applications (BCA)?,The listed eligibility for Bachelor of Computer Applications (BCA) is 10+2 (Any Stream).,Direct,Reference + Answered FAQ
76,Undergraduate Programs,What is the tuition fee for Bachelor of Computer Applications (BCA)?,"The listed tuition for Bachelor of Computer Applications (BCA) is $10,200 per year.",Direct,Reference + Answered FAQ
77,Undergraduate Programs,How much does Bachelor of Computer Applications (BCA) cost per year?,"The listed tuition for Bachelor of Computer Applications (BCA) is $10,200 per year.",Direct,Reference + Answered FAQ
78,Undergraduate Programs,What qualification do I need for Bachelor of Computer Applications (BCA)?,The reference lists 10+2 (Any Stream) as the eligibility for Bachelor of Computer Applications (BCA).,Direct,Reference + Answered FAQ
79,Undergraduate Programs,How long is Bachelor of Computer Applications (BCA)?,Bachelor of Computer Applications (BCA) is a 3 Years program.,Direct,Reference + Answered FAQ
80,Undergraduate Programs,Is Bachelor of Commerce (B.Com) available?,Yes. Bachelor of Commerce (B.Com) is listed as an undergraduate program.,Direct,Reference + Answered FAQ
81,Undergraduate Programs,What is the duration of Bachelor of Commerce (B.Com)?,The duration of Bachelor of Commerce (B.Com) is 3 Years.,Direct,Reference + Answered FAQ
82,Undergraduate Programs,What is the eligibility for Bachelor of Commerce (B.Com)?,The listed eligibility for Bachelor of Commerce (B.Com) is 10+2 (Any Stream).,Direct,Reference + Answered FAQ
83,Undergraduate Programs,What is the tuition fee for Bachelor of Commerce (B.Com)?,"The listed tuition for Bachelor of Commerce (B.Com) is $8,600 per year.",Direct,Reference + Answered FAQ
84,Undergraduate Programs,How much does Bachelor of Commerce (B.Com) cost per year?,"The listed tuition for Bachelor of Commerce (B.Com) is $8,600 per year.",Direct,Reference + Answered FAQ
85,Undergraduate Programs,What qualification do I need for Bachelor of Commerce (B.Com)?,The reference lists 10+2 (Any Stream) as the eligibility for Bachelor of Commerce (B.Com).,Direct,Reference + Answered FAQ
86,Undergraduate Programs,How long is Bachelor of Commerce (B.Com)?,Bachelor of Commerce (B.Com) is a 3 Years program.,Direct,Reference + Answered FAQ
87,Undergraduate Programs,Is Bachelor of Arts (BA) available?,Yes. Bachelor of Arts (BA) is listed as an undergraduate program.,Direct,Reference + Answered FAQ
88,Undergraduate Programs,What is the duration of Bachelor of Arts (BA)?,The duration of Bachelor of Arts (BA) is 3 Years.,Direct,Reference + Answered FAQ
89,Undergraduate Programs,What is the eligibility for Bachelor of Arts (BA)?,The listed eligibility for Bachelor of Arts (BA) is 10+2 (Any Stream).,Direct,Reference + Answered FAQ
90,Undergraduate Programs,What is the tuition fee for Bachelor of Arts (BA)?,"The listed tuition for Bachelor of Arts (BA) is $7,900 per year.",Direct,Reference + Answered FAQ
91,Undergraduate Programs,How much does Bachelor of Arts (BA) cost per year?,"The listed tuition for Bachelor of Arts (BA) is $7,900 per year.",Direct,Reference + Answered FAQ
92,Undergraduate Programs,What qualification do I need for Bachelor of Arts (BA)?,The reference lists 10+2 (Any Stream) as the eligibility for Bachelor of Arts (BA).,Direct,Reference + Answered FAQ
93,Undergraduate Programs,How long is Bachelor of Arts (BA)?,Bachelor of Arts (BA) is a 3 Years program.,Direct,Reference + Answered FAQ
94,Undergraduate Programs,Is Bachelor of Science (B.Sc) available?,Yes. Bachelor of Science (B.Sc) is listed as an undergraduate program.,Direct,Reference + Answered FAQ
95,Undergraduate Programs,What is the duration of Bachelor of Science (B.Sc)?,The duration of Bachelor of Science (B.Sc) is 3 Years.,Direct,Reference + Answered FAQ
96,Undergraduate Programs,What is the eligibility for Bachelor of Science (B.Sc)?,The listed eligibility for Bachelor of Science (B.Sc) is 10+2 (PCM/PCB).,Direct,Reference + Answered FAQ
97,Undergraduate Programs,What is the tuition fee for Bachelor of Science (B.Sc)?,"The listed tuition for Bachelor of Science (B.Sc) is $9,400 per year.",Direct,Reference + Answered FAQ
98,Undergraduate Programs,How much does Bachelor of Science (B.Sc) cost per year?,"The listed tuition for Bachelor of Science (B.Sc) is $9,400 per year.",Direct,Reference + Answered FAQ
99,Undergraduate Programs,What qualification do I need for Bachelor of Science (B.Sc)?,The reference lists 10+2 (PCM/PCB) as the eligibility for Bachelor of Science (B.Sc).,Direct,Reference + Answered FAQ
100,Undergraduate Programs,How long is Bachelor of Science (B.Sc)?,Bachelor of Science (B.Sc) is a 3 Years program.,Direct,Reference + Answered FAQ
101,Postgraduate Programs,Is Master of Business Administration (MBA) available?,Yes. Master of Business Administration (MBA) is listed as a postgraduate program.,Direct,Reference + Answered FAQ
102,Postgraduate Programs,What is the duration of Master of Business Administration (MBA)?,The duration of Master of Business Administration (MBA) is 2 Years.,Direct,Reference + Answered FAQ
103,Postgraduate Programs,What is the eligibility for Master of Business Administration (MBA)?,The listed eligibility for Master of Business Administration (MBA) is Bachelor's Degree.,Direct,Reference + Answered FAQ
104,Postgraduate Programs,What is the tuition fee for Master of Business Administration (MBA)?,"The listed tuition for Master of Business Administration (MBA) is $18,500 per year.",Direct,Reference + Answered FAQ
105,Postgraduate Programs,How much does Master of Business Administration (MBA) cost per year?,"The listed tuition for Master of Business Administration (MBA) is $18,500 per year.",Direct,Reference + Answered FAQ
106,Postgraduate Programs,What qualification do I need for Master of Business Administration (MBA)?,The reference lists Bachelor's Degree as the eligibility for Master of Business Administration (MBA).,Direct,Reference + Answered FAQ
107,Postgraduate Programs,How long is Master of Business Administration (MBA)?,Master of Business Administration (MBA) is a 2 Years program.,Direct,Reference + Answered FAQ
108,Postgraduate Programs,Is Master of Computer Applications (MCA) available?,Yes. Master of Computer Applications (MCA) is listed as a postgraduate program.,Direct,Reference + Answered FAQ
109,Postgraduate Programs,What is the duration of Master of Computer Applications (MCA)?,The duration of Master of Computer Applications (MCA) is 2 Years.,Direct,Reference + Answered FAQ
110,Postgraduate Programs,What is the eligibility for Master of Computer Applications (MCA)?,The listed eligibility for Master of Computer Applications (MCA) is Bachelor's in Computing.,Direct,Reference + Answered FAQ
111,Postgraduate Programs,What is the tuition fee for Master of Computer Applications (MCA)?,"The listed tuition for Master of Computer Applications (MCA) is $13,800 per year.",Direct,Reference + Answered FAQ
112,Postgraduate Programs,How much does Master of Computer Applications (MCA) cost per year?,"The listed tuition for Master of Computer Applications (MCA) is $13,800 per year.",Direct,Reference + Answered FAQ
113,Postgraduate Programs,What qualification do I need for Master of Computer Applications (MCA)?,The reference lists Bachelor's in Computing as the eligibility for Master of Computer Applications (MCA).,Direct,Reference + Answered FAQ
114,Postgraduate Programs,How long is Master of Computer Applications (MCA)?,Master of Computer Applications (MCA) is a 2 Years program.,Direct,Reference + Answered FAQ
115,Postgraduate Programs,Is M.Tech (Various Specializations) available?,Yes. M.Tech (Various Specializations) is listed as a postgraduate program.,Direct,Reference + Answered FAQ
116,Postgraduate Programs,What is the duration of M.Tech (Various Specializations)?,The duration of M.Tech (Various Specializations) is 2 Years.,Direct,Reference + Answered FAQ
117,Postgraduate Programs,What is the eligibility for M.Tech (Various Specializations)?,The listed eligibility for M.Tech (Various Specializations) is B.Tech / B.E..,Direct,Reference + Answered FAQ
118,Postgraduate Programs,What is the tuition fee for M.Tech (Various Specializations)?,"The listed tuition for M.Tech (Various Specializations) is $14,600 per year.",Direct,Reference + Answered FAQ
119,Postgraduate Programs,How much does M.Tech (Various Specializations) cost per year?,"The listed tuition for M.Tech (Various Specializations) is $14,600 per year.",Direct,Reference + Answered FAQ
120,Postgraduate Programs,What qualification do I need for M.Tech (Various Specializations)?,The reference lists B.Tech / B.E. as the eligibility for M.Tech (Various Specializations).,Direct,Reference + Answered FAQ
121,Postgraduate Programs,How long is M.Tech (Various Specializations)?,M.Tech (Various Specializations) is a 2 Years program.,Direct,Reference + Answered FAQ
122,Postgraduate Programs,Is Master of Science (M.Sc) available?,Yes. Master of Science (M.Sc) is listed as a postgraduate program.,Direct,Reference + Answered FAQ
123,Postgraduate Programs,What is the duration of Master of Science (M.Sc)?,The duration of Master of Science (M.Sc) is 2 Years.,Direct,Reference + Answered FAQ
124,Postgraduate Programs,What is the eligibility for Master of Science (M.Sc)?,The listed eligibility for Master of Science (M.Sc) is Bachelor's in Science.,Direct,Reference + Answered FAQ
125,Postgraduate Programs,What is the tuition fee for Master of Science (M.Sc)?,"The listed tuition for Master of Science (M.Sc) is $11,200 per year.",Direct,Reference + Answered FAQ
126,Postgraduate Programs,How much does Master of Science (M.Sc) cost per year?,"The listed tuition for Master of Science (M.Sc) is $11,200 per year.",Direct,Reference + Answered FAQ
127,Postgraduate Programs,What qualification do I need for Master of Science (M.Sc)?,The reference lists Bachelor's in Science as the eligibility for Master of Science (M.Sc).,Direct,Reference + Answered FAQ
128,Postgraduate Programs,How long is Master of Science (M.Sc)?,Master of Science (M.Sc) is a 2 Years program.,Direct,Reference + Answered FAQ
129,Postgraduate Programs,Is Master of Arts (MA) available?,Yes. Master of Arts (MA) is listed as a postgraduate program.,Direct,Reference + Answered FAQ
130,Postgraduate Programs,What is the duration of Master of Arts (MA)?,The duration of Master of Arts (MA) is 2 Years.,Direct,Reference + Answered FAQ
131,Postgraduate Programs,What is the eligibility for Master of Arts (MA)?,The listed eligibility for Master of Arts (MA) is Bachelor's Degree.,Direct,Reference + Answered FAQ
132,Postgraduate Programs,What is the tuition fee for Master of Arts (MA)?,"The listed tuition for Master of Arts (MA) is $9,600 per year.",Direct,Reference + Answered FAQ
133,Postgraduate Programs,How much does Master of Arts (MA) cost per year?,"The listed tuition for Master of Arts (MA) is $9,600 per year.",Direct,Reference + Answered FAQ
134,Postgraduate Programs,What qualification do I need for Master of Arts (MA)?,The reference lists Bachelor's Degree as the eligibility for Master of Arts (MA).,Direct,Reference + Answered FAQ
135,Postgraduate Programs,How long is Master of Arts (MA)?,Master of Arts (MA) is a 2 Years program.,Direct,Reference + Answered FAQ
136,Postgraduate Programs,Is Master of Commerce (M.Com) available?,Yes. Master of Commerce (M.Com) is listed as a postgraduate program.,Direct,Reference + Answered FAQ
137,Postgraduate Programs,What is the duration of Master of Commerce (M.Com)?,The duration of Master of Commerce (M.Com) is 2 Years.,Direct,Reference + Answered FAQ
138,Postgraduate Programs,What is the eligibility for Master of Commerce (M.Com)?,The listed eligibility for Master of Commerce (M.Com) is Bachelor's in Commerce.,Direct,Reference + Answered FAQ
139,Postgraduate Programs,What is the tuition fee for Master of Commerce (M.Com)?,"The listed tuition for Master of Commerce (M.Com) is $9,900 per year.",Direct,Reference + Answered FAQ
140,Postgraduate Programs,How much does Master of Commerce (M.Com) cost per year?,"The listed tuition for Master of Commerce (M.Com) is $9,900 per year.",Direct,Reference + Answered FAQ
141,Postgraduate Programs,What qualification do I need for Master of Commerce (M.Com)?,The reference lists Bachelor's in Commerce as the eligibility for Master of Commerce (M.Com).,Direct,Reference + Answered FAQ
142,Postgraduate Programs,How long is Master of Commerce (M.Com)?,Master of Commerce (M.Com) is a 2 Years program.,Direct,Reference + Answered FAQ
143,Programs,What undergraduate programs does Meridian offer?,The listed undergraduate programs are: B.Tech Computer Science; B.Tech AI & Machine Learning; B.Tech Information Technology; Bachelor of Business Administration (BBA); Bachelor of Computer Applications (BCA); Bachelor of Commerce (B.Com); Bachelor of Arts (BA); Bachelor of Science (B.Sc).,Direct,Reference + Answered FAQ
144,Programs,What postgraduate programs does Meridian offer?,The listed postgraduate programs are: Master of Business Administration (MBA); Master of Computer Applications (MCA); M.Tech (Various Specializations); Master of Science (M.Sc); Master of Arts (MA); Master of Commerce (M.Com).,Direct,Reference + Answered FAQ
145,Programs,Can you list all undergraduate programs?,The undergraduate list is: B.Tech Computer Science; B.Tech AI & Machine Learning; B.Tech Information Technology; Bachelor of Business Administration (BBA); Bachelor of Computer Applications (BCA); Bachelor of Commerce (B.Com); Bachelor of Arts (BA); Bachelor of Science (B.Sc).,Direct,Reference + Answered FAQ
146,Programs,Can you list all postgraduate programs?,The postgraduate list is: Master of Business Administration (MBA); Master of Computer Applications (MCA); M.Tech (Various Specializations); Master of Science (M.Sc); Master of Arts (MA); Master of Commerce (M.Com).,Direct,Reference + Answered FAQ
147,Programs,Can you list all programs?,"The reference explicitly lists eight undergraduate programs and six postgraduate programs, plus four doctoral research areas. It also states the university has 50+ programs overall; the document does not enumerate all 50+ individually.",Direct,Reference + Answered FAQ
148,Programs,What degree types are available?,"The reference covers undergraduate, postgraduate and doctoral programs. The admission script also lists Diploma as a course category, but the reference does not provide specific diploma programs.",Direct,Reference + Answered FAQ
149,Programs,Does Meridian offer diploma programs?,"The admission script includes Diploma as a course category, but the university reference does not list any specific diploma program. Please confirm diploma offerings with Admissions.",Direct,Reference + Answered FAQ
150,Doctoral Programs,Does Meridian offer PhD programs?,Yes. Meridian offers doctoral programs with research areas across four broad areas.,Direct,Reference + Answered FAQ
151,Doctoral Programs,What research areas are available for PhD?,The doctoral research areas are: Engineering & Computing; Business & Economics; Natural Sciences; Humanities & Social Sciences.,Direct,Reference + Answered FAQ
152,Doctoral Programs,What PhD research areas are available in Engineering & Computing?,"Engineering & Computing focuses on AI systems, robotics, distributed computing and network security.",Direct,Reference + Answered FAQ
153,Doctoral Programs,Can I do a PhD in Engineering & Computing?,"Yes, Engineering & Computing is listed as a doctoral research area. The reference specifies the focus as AI systems, robotics, distributed computing and network security.",Direct,Reference + Answered FAQ
154,Doctoral Programs,What PhD research areas are available in Business & Economics?,"Business & Economics focuses on Organizational behavior, financial markets and applied economics.",Direct,Reference + Answered FAQ
155,Doctoral Programs,Can I do a PhD in Business & Economics?,"Yes, Business & Economics is listed as a doctoral research area. The reference specifies the focus as Organizational behavior, financial markets and applied economics.",Direct,Reference + Answered FAQ
156,Doctoral Programs,What PhD research areas are available in Natural Sciences?,"Natural Sciences focuses on Materials science, molecular biology and computational chemistry.",Direct,Reference + Answered FAQ
157,Doctoral Programs,Can I do a PhD in Natural Sciences?,"Yes, Natural Sciences is listed as a doctoral research area. The reference specifies the focus as Materials science, molecular biology and computational chemistry.",Direct,Reference + Answered FAQ
158,Doctoral Programs,What PhD research areas are available in Humanities & Social Sciences?,"Humanities & Social Sciences focuses on Media studies, comparative literature and public policy.",Direct,Reference + Answered FAQ
159,Doctoral Programs,Can I do a PhD in Humanities & Social Sciences?,"Yes, Humanities & Social Sciences is listed as a doctoral research area. The reference specifies the focus as Media studies, comparative literature and public policy.",Direct,Reference + Answered FAQ
160,Doctoral Programs,What are the PhD admission requirements?,"A relevant master's degree, a research proposal, and faculty availability in the chosen research area are required.",Direct,Reference + Answered FAQ
161,Doctoral Programs,Is a research proposal required for PhD admission?,Yes. A research proposal is listed as a doctoral admission requirement.,Direct,Reference + Answered FAQ
162,Doctoral Programs,Is faculty availability required for PhD admission?,Yes. Faculty availability in the chosen area is listed as a requirement.,Direct,Reference + Answered FAQ
163,Doctoral Programs,Does the PhD have a fixed tuition fee?,No fixed PhD tuition amount is given. The document says PhD tuition is determined by research area and funding arrangement and advises prospective candidates to contact Admissions for a specific quotation.,Direct,Reference + Answered FAQ
164,Doctoral Programs,Are funded research positions available for PhD students?,Yes. The reference says funded research positions are available across every school.,Direct,Reference + Answered FAQ
165,Doctoral Programs,Does the PhD provide faculty mentorship?,Yes. The doctoral program is described as being built around close faculty mentorship.,Direct,Reference + Answered FAQ
166,Doctoral Programs,Do PhD students get lab access?,Yes. The reference mentions dedicated lab access for doctoral students.,Direct,Reference + Answered FAQ
167,Eligibility,What are the undergraduate eligibility requirements?,Undergraduate applicants need completion of 10+2 or equivalent with the minimum subject requirements for the chosen program.,Direct,Reference + Answered FAQ
168,Eligibility,What are the postgraduate eligibility requirements?,Postgraduate applicants need a relevant bachelor's degree with the minimum aggregate marks specified per program.,Direct,Reference + Answered FAQ
169,Eligibility,What are the doctoral eligibility requirements?,"Doctoral applicants need a relevant master's degree, a research proposal, and faculty availability in the chosen area.",Direct,Reference + Answered FAQ
170,Eligibility,What do I need after 12th to apply?,You need 10+2 or equivalent and the minimum subject requirements for the selected undergraduate program.,Direct,Reference + Answered FAQ
171,Eligibility,I completed 12th with PCM. What can I apply for?,"The listed programs requiring PCM are B.Tech Computer Science, B.Tech AI & Machine Learning, B.Tech Information Technology, and B.Sc accepts PCM/PCB.",Direct,Reference + Answered FAQ
172,Eligibility,I completed 12th with PCB. What can I apply for?,B.Sc is listed with 10+2 (PCM/PCB) eligibility. The B.Tech programs are listed as requiring PCM.,Direct,Reference + Answered FAQ
173,Eligibility,I completed 12th in Commerce. What can I apply for?,"BBA, BCA, B.Com and BA are listed as accepting 10+2 from any stream. B.Sc is listed as PCM/PCB and B.Tech programs as PCM.",Direct,Reference + Answered FAQ
174,Eligibility,I completed 12th in Arts. What can I apply for?,"BBA, BCA, B.Com and BA are listed as accepting 10+2 from any stream.",Direct,Reference + Answered FAQ
175,Eligibility,Which programs accept any stream?,"BBA, BCA, B.Com and BA are listed with 10+2 (Any Stream) eligibility.",Direct,Reference + Answered FAQ
176,Eligibility,Which programs require PCM?,"B.Tech Computer Science, B.Tech AI & Machine Learning and B.Tech Information Technology require 10+2 (PCM). B.Sc accepts PCM/PCB.",Direct,Reference + Answered FAQ
177,Eligibility,Which program requires a bachelor's degree in computing?,MCA is listed with eligibility of a bachelor's in computing.,Direct,Reference + Answered FAQ
178,Eligibility,Which program requires B.Tech/B.E.?,M.Tech is listed with eligibility of B.Tech / B.E.,Direct,Reference + Answered FAQ
179,Eligibility,Which postgraduate program requires a bachelor's in science?,M.Sc is listed with eligibility of a bachelor's in science.,Direct,Reference + Answered FAQ
180,Eligibility,Which postgraduate program requires a bachelor's in commerce?,M.Com is listed with eligibility of a bachelor's in commerce.,Direct,Reference + Answered FAQ
181,Eligibility,Can I apply if my marks are low?,You must meet the minimum eligibility requirements for the selected program. The reference does not specify exceptions for lower marks.,Direct,Reference + Answered FAQ
182,Eligibility,Is there a minimum aggregate for postgraduate programs?,"Yes. The reference says a relevant bachelor's degree with minimum aggregate marks specified per program is required, but it does not provide the specific aggregate figures in the document.",Direct,Reference + Answered FAQ
183,Admission Process,How do I apply for admission?,The process is: apply online with academic and personal details; submit required documents; the admissions committee reviews the complete application; then an offer/admission decision and enrollment instructions are provided.,Direct,Reference + Answered FAQ
184,Admission Process,What are the steps in the admission process?,Step 1 Apply Online; Step 2 Submit Documents; Step 3 Admission Review; Step 4 Offer Letter with decision and enrollment instructions.,Direct,Reference + Answered FAQ
185,Admission Process,What documents are required for admission?,"Academic transcripts/mark sheets; government-issued photo ID or passport; recent passport-size photograph; SOP for postgraduate and doctoral applications; international applicants need valid passport copy and, where applicable, English proficiency score.",Direct,Reference + Answered FAQ
186,Admission Process,Is an SOP required?,Yes. A Statement of Purpose is required for postgraduate and doctoral applications.,Direct,Reference + Answered FAQ
187,Admission Process,Is an entrance exam required?,Admission may consider entrance scores where applicable. The reference does not say that an entrance exam is mandatory for every program.,Direct,Reference + Answered FAQ
188,Admission Process,Is an interview required?,"For select programs, a personal statement or interview may be part of admission. The reference does not state that every program requires an interview.",Direct,Reference + Answered FAQ
189,Admission Process,When can I apply?,"Fall and Spring each year, with limited Summer options for select programs.",Direct,Reference + Answered FAQ
190,Admission Process,What are the intake cycles?,"Fall and Spring each year, with limited Summer options for select programs.",Direct,Reference + Answered FAQ
191,Admission Process,Can I apply to more than one program?,Yes. Applicants may apply to up to two programs within the same intake cycle.,Direct,Reference + Answered FAQ
192,Admission Process,How many programs can I apply to in one intake?,Up to two programs within the same intake cycle.,Direct,Reference + Answered FAQ
193,Admission Process,How long does admission take?,Admission decisions are typically released within 4–6 weeks of the application deadline.,Direct,Reference + Answered FAQ
194,Admission Process,When will I receive an admission decision?,Admission decisions are typically released within 4–6 weeks of the application deadline.,Direct,Reference + Answered FAQ
195,Admission Process,What happens after I submit my application?,The admissions committee reviews the complete application profile; the applicant then receives the admission decision and enrollment instructions.,Direct,Reference + Answered FAQ
196,Admission Process,What happens after I receive an offer letter?,The offer letter contains the admission decision and instructions to enroll.,Direct,Reference + Answered FAQ
197,Admission Process,Can I apply after the deadline?,The reference does not specify a late-application or deadline-extension policy. Applicants should contact Admissions to check whether an alternative is available.,Direct,Reference + Answered FAQ
198,Admission Process,Can I apply if I have applied to another university?,The reference does not state that applying to another university prevents an applicant from applying to Meridian; no such restriction is specified.,Direct,Reference + Answered FAQ
199,Important Dates,What is the early application deadline?,January 15.,Direct,Reference + Answered FAQ
200,Important Dates,What is the regular application deadline?,April 30.,Direct,Reference + Answered FAQ
201,Important Dates,When are admission decisions released?,June 10 is the listed admission-decision date; the FAQ also says decisions are typically released within 4–6 weeks of the application deadline.,Direct,Reference + Answered FAQ
202,Important Dates,When does the Fall semester begin?,August 1.,Direct,Reference + Answered FAQ
203,Important Dates,What are the important admission dates?,January 15 early application deadline; April 30 regular application deadline; June 10 admission decisions released; August 1 Fall semester begins.,Direct,Reference + Answered FAQ
204,Important Dates,When will I hear back after applying?,Admission decisions are typically released within 4–6 weeks of the application deadline.,Direct,Reference + Answered FAQ
205,Important Dates,Are there Summer admissions?,There are limited Summer options for select programs.,Direct,Reference + Answered FAQ
206,Fees & Financial,What is the undergraduate tuition range?,"The undergraduate tuition range is $7,900–$15,200 per year.",Direct,Reference + Answered FAQ
207,Fees & Financial,What is the postgraduate tuition range?,"The postgraduate tuition range is $9,600–$18,500 per year.",Direct,Reference + Answered FAQ
208,Fees & Financial,What is the undergraduate application fee?,"The undergraduate application/processing fee is $60, one-time, non-refundable.",Direct,Reference + Answered FAQ
209,Fees & Financial,What is the postgraduate application fee?,"The postgraduate application/processing fee is $75, one-time, non-refundable.",Direct,Reference + Answered FAQ
210,Fees & Financial,Is the application fee refundable?,No. The processing fee is described as non-refundable.,Direct,Reference + Answered FAQ
211,Fees & Financial,Is the application fee charged per application?,Yes. The FAQ says a nominal non-refundable processing fee applies per application.,Direct,Reference + Answered FAQ
212,Fees & Financial,What is the undergraduate registration fee?,"The undergraduate admission/registration fee is $500, one-time.",Direct,Reference + Answered FAQ
213,Fees & Financial,What is the postgraduate registration fee?,"The postgraduate admission/registration fee is $650, one-time.",Direct,Reference + Answered FAQ
214,Fees & Financial,How much is accommodation?,"Hostel/accommodation is listed at $3,200 per year.",Direct,Reference + Answered FAQ
215,Fees & Financial,What is the library and technology fee?,The library and technology fee is $350 per year.,Direct,Reference + Answered FAQ
216,Fees & Financial,What is the undergraduate examination fee?,The undergraduate examination fee is $120 per semester.,Direct,Reference + Answered FAQ
217,Fees & Financial,What is the postgraduate examination fee?,The postgraduate examination fee is $150 per semester.,Direct,Reference + Answered FAQ
218,Fees & Financial,What is the caution deposit?,"The caution deposit is $300, one-time and refundable.",Direct,Reference + Answered FAQ
219,Fees & Financial,Is the caution deposit refundable?,Yes. The caution deposit is listed as refundable.,Direct,Reference + Answered FAQ
220,Fees & Financial,Can I pay fees in installments?,Yes. Fees may be paid annually or split into two semester installments.,Direct,Reference + Answered FAQ
221,Fees & Financial,What happens if I pay late?,A late payment fee applies after the published due date each semester.,Direct,Reference + Answered FAQ
222,Fees & Financial,Why are the fees so high?,"The reference lists the fee ranges and facilities/resources, but it does not provide a detailed fee comparison or a specific justification for why the fees are considered high.",Direct,Reference + Answered FAQ
223,Fees & Financial,Are there fee discounts?,The reference does not specify general fee discounts beyond the listed scholarships and need-based aid.,Direct,Reference + Answered FAQ
224,Fees & Financial,Does Meridian provide financial aid?,Yes. Need-based financial aid is available for students demonstrating economic need.,Direct,Reference + Answered FAQ
225,Scholarships,Does Meridian offer scholarships?,"Yes. Meridian lists Merit, Need-Based Aid, and Sports & Arts Scholarship options.",Direct,Reference + Answered FAQ
226,Scholarships,What is the Merit Scholarship?,A merit scholarship can provide up to a 50% tuition waiver for top-scoring incoming students.,Direct,Reference + Answered FAQ
227,Scholarships,Who is eligible for the Merit Scholarship?,The reference describes it for top-scoring incoming students.,Direct,Reference + Answered FAQ
228,Scholarships,What is the maximum Merit Scholarship?,Up to 50% tuition waiver.,Direct,Reference + Answered FAQ
229,Scholarships,Does Meridian offer need-based aid?,Yes. Financial assistance is available for students demonstrating economic need.,Direct,Reference + Answered FAQ
230,Scholarships,Does Meridian offer sports scholarships?,Yes. Sports & Arts Scholarships support students with distinguished sporting or artistic achievement.,Direct,Reference + Answered FAQ
231,Scholarships,Does Meridian offer arts scholarships?,Yes. Sports & Arts Scholarships support students with distinguished sporting or artistic achievement.,Direct,Reference + Answered FAQ
232,Scholarships,What scholarship options are available?,Merit Scholarship: up to 50% tuition waiver for top-scoring incoming students; Need-Based Aid for students demonstrating economic need; Sports & Arts Scholarship for distinguished sporting or artistic achievement.,Direct,Reference + Answered FAQ
233,Scholarships,Can scholarships cover 50% of tuition?,The Merit Scholarship is listed as providing up to a 50% tuition waiver.,Direct,Reference + Answered FAQ
234,International Students,Does Meridian accept international students?,Yes. The reference says Meridian accepts international applicants.,Direct,Reference + Answered FAQ
235,International Students,Can international students apply to undergraduate programs?,Yes. The university accepts international applicants; the document does not restrict international applicants from undergraduate programs.,Direct,Reference + Answered FAQ
236,International Students,Can international students apply to postgraduate programs?,Yes. The university accepts international applicants; the document does not restrict international applicants from postgraduate programs.,Direct,Reference + Answered FAQ
237,International Students,Can international students apply for PhD?,"Yes. The university accepts international applicants, and no restriction is stated for doctoral programs.",Direct,Reference + Answered FAQ
238,International Students,What documents do international students need?,"International applicants need a valid passport copy and, where applicable, an English proficiency score, in addition to the general required documents.",Direct,Reference + Answered FAQ
239,International Students,Do international students need a passport?,Yes. A valid passport copy is listed for international applicants.,Direct,Reference + Answered FAQ
240,International Students,Do international students need an English proficiency score?,"Where applicable, an English proficiency score is required.",Direct,Reference + Answered FAQ
241,International Students,Does Meridian provide relocation support?,"The reference confirms residence halls and international admissions, but it does not specify detailed relocation, airport, visa, travel or settling-in support.",Direct,Reference + Answered FAQ
242,International Students,Does Meridian provide visa assistance?,The reference does not specify visa assistance. Please contact Admissions for current information.,Direct,Reference + Answered FAQ
243,Campus & Student Life,What facilities are available on campus?,"Smart classrooms; central library with 200,000+ volumes and 24/7 reading halls across two floors; Innovation Labs with prototyping benches, 3D printers and startup incubation; sports complex for 12 competitive sports; secure modern residence halls with common lounges and study rooms; cafeteria/food court; 40+ student clubs; annual fests, hackathons and cultural festivals.",Direct,Reference + Answered FAQ
244,Campus & Student Life,Does Meridian have smart classrooms?,Yes. Smart classrooms are described as having interactive displays and flexible seating for collaborative learning.,Direct,Reference + Answered FAQ
245,Campus & Student Life,What is available in the library?,"The central library has 200,000+ volumes and 24/7 reading halls across two floors.",Direct,Reference + Answered FAQ
246,Campus & Student Life,Is the library open 24/7?,The reference says the library has 24/7 reading halls.,Direct,Reference + Answered FAQ
247,Campus & Student Life,How many library volumes are there?,"200,000+ volumes.",Direct,Reference + Answered FAQ
248,Campus & Student Life,Does Meridian have Innovation Labs?,"Yes. They include prototyping benches, 3D printers and startup incubation space.",Direct,Reference + Answered FAQ
249,Campus & Student Life,Does Meridian have a sports complex?,Yes. It has indoor and outdoor facilities for twelve competitive sports.,Direct,Reference + Answered FAQ
250,Campus & Student Life,Does Meridian provide residence halls?,"Yes. Residence halls provide secure, modern housing with common lounges and study rooms.",Direct,Reference + Answered FAQ
251,Campus & Student Life,How much is hostel accommodation?,"$3,200 per year.",Direct,Reference + Answered FAQ
252,Campus & Student Life,What food facilities are available?,The university has a cafeteria and food court with multi-cuisine dining and nutrition-conscious counters.,Direct,Reference + Answered FAQ
253,Campus & Student Life,How many student clubs are available?,40+ student clubs.,Direct,Reference + Answered FAQ
254,Campus & Student Life,What kinds of student clubs are available?,"Clubs span technology, culture, debate and community service.",Direct,Reference + Answered FAQ
255,Campus & Student Life,Does Meridian organize hackathons?,Yes. Annual events include hackathons.,Direct,Reference + Answered FAQ
256,Campus & Student Life,Does Meridian organize cultural festivals?,Yes. Annual events include cultural festivals.,Direct,Reference + Answered FAQ
257,Campus & Student Life,What sports are available?,"The sports complex supports twelve competitive sports, with indoor and outdoor facilities.",Direct,Reference + Answered FAQ
258,Campus & Student Life,What safety facilities are available?,"The reference specifically describes the residence halls as secure and modern, with common lounges and study rooms. It does not provide further details about campus security systems.",Direct,Reference + Answered FAQ
259,Campus & Student Life,Can I visit the campus?,The reference does not specify a campus-visit policy or virtual tour. Applicants should contact Admissions for current arrangements.,Direct,Reference + Answered FAQ
260,Placements & Research,What is Meridian's placement record?,The University at a Glance section lists a 95% placement rate.,Direct,Reference + Answered FAQ
261,Placements & Research,What is the average placement package?,The reference does not provide an average placement package or salary figure.,Direct,Reference + Answered FAQ
262,Placements & Research,Does Meridian guarantee placement?,The reference does not state that Meridian guarantees placement. It reports a 95% placement rate.,Direct,Reference + Answered FAQ
263,Placements & Research,How does Meridian prepare students for industry?,"The university says its approach combines rigorous academics with direct exposure to industry, research and community.",Direct,Reference + Answered FAQ
264,Placements & Research,Does Meridian provide research opportunities?,"Yes. The university reports over $40M in active research funding, Innovation Labs and 60+ exchange/research partners; doctoral programs also include funded research positions.",Direct,Reference + Answered FAQ
265,Placements & Research,Does Meridian have research partnerships?,Yes. It has exchange and research agreements with 60+ partner universities worldwide.,Direct,Reference + Answered FAQ
266,Placements & Research,How large is the alumni network?,"40,000+ alumni working across 70 countries and every major industry.",Direct,Reference + Answered FAQ
267,Counselling & Contact,Why should I choose Meridian?,"The reference highlights six schools, undergraduate/postgraduate/doctoral programs, rigorous academics, industry exposure, research, community engagement, innovation labs, student clubs, sports facilities and residence halls.",Direct,Reference + Answered FAQ
268,Counselling & Contact,How does Meridian compare with other universities?,"The reference does not provide a direct university-by-university comparison. It provides Meridian's own figures such as 5,000+ students, 50+ programs, 150+ faculty, 95% placement rate, 40,000+ alumni across 70 countries, 60+ partners and $40M+ research funding.",Direct,Reference + Answered FAQ
269,Counselling & Contact,Can I change my course after admission?,The reference does not specify a course-change policy after admission. Please contact the Admissions Office for confirmation.,Direct,Reference + Answered FAQ
270,Counselling & Contact,Can I take time to decide before applying?,"Yes. The FAQ says applicants can take their time before applying, while keeping the published deadlines in mind.",Direct,Reference + Answered FAQ
271,Counselling & Contact,Can I get information if I am only researching universities?,"Yes. The admissions process is intended to support prospective students seeking information, and the reference does not require immediate application after an enquiry.",Direct,Reference + Answered FAQ
272,Counselling & Contact,Can someone from admissions call me later?,Yes. The admission-agent flow includes callback scheduling and asks for the best time to contact the student.,Direct,Reference + Answered FAQ
273,Counselling & Contact,Can I speak with an admission counsellor?,Yes. Prospective students can engage with the Admissions Office for application-related information; callback scheduling is also part of the conversation flow.,Direct,Reference + Answered FAQ
274,Counselling & Contact,Can I get information without providing my phone number?,The reference does not specify whether a phone number is mandatory for receiving information. The agent script asks for a mobile number as part of the guided conversation.,Direct,Reference + Answered FAQ
275,Counselling & Contact,Can I get information without sharing my marks?,The reference does not specify whether marks are mandatory for an initial enquiry. Academic records are required as part of the application/document-submission process.,Direct,Reference + Answered FAQ
276,Counselling & Contact,Can I get the brochure by email or WhatsApp?,Yes. The admission-agent script includes an option to send the admission brochure by email or WhatsApp.,Direct,Reference + Answered FAQ
277,Counselling & Contact,Can I schedule a callback?,Yes. The admission-agent conversation flow includes callback scheduling.,Direct,Reference + Answered FAQ
278,Counselling & Contact,What is the admissions office phone number?,The listed admissions phone number is +1 (555) 204-7890.,Direct,Reference + Answered FAQ
279,Counselling & Contact,What is the admissions email?,The listed admissions email is admissions@meridian.edu.,Direct,Reference + Answered FAQ
280,Counselling & Contact,What are the admissions office hours?,"Monday–Friday, 9:00 AM–5:00 PM.",Direct,Reference + Answered FAQ
281,Counselling & Contact,What is the campus address?,"221 Harborview Road, Meridian City, MC 40210.",Direct,Reference + Answered FAQ
282,Program Listing,"List all undergraduate programs with duration, eligibility and fees.","B.Tech Computer Science — 4 Years — 10+2 (PCM) — $14,500/year; B.Tech AI & Machine Learning — 4 Years — 10+2 (PCM) — $15,200/year; B.Tech Information Technology — 4 Years — 10+2 (PCM) — $14,200/year; BBA — 3 Years — 10+2 (Any Stream) — $10,800/year; BCA — 3 Years — 10+2 (Any Stream) — $10,200/year; B.Com — 3 Years — 10+2 (Any Stream) — $8,600/year; BA — 3 Years — 10+2 (Any Stream) — $7,900/year; B.Sc — 3 Years — 10+2 (PCM/PCB) — $9,400/year.",Direct,Reference + Answered FAQ
283,Program Listing,"List all postgraduate programs with duration, eligibility and fees.","MBA — 2 Years — Bachelor's Degree — $18,500/year; MCA — 2 Years — Bachelor's in Computing — $13,800/year; M.Tech (Various Specializations) — 2 Years — B.Tech/B.E. — $14,600/year; M.Sc — 2 Years — Bachelor's in Science — $11,200/year; MA — 2 Years — Bachelor's Degree — $9,600/year; M.Com — 2 Years — Bachelor's in Commerce — $9,900/year.",Direct,Reference + Answered FAQ
284,Program Listing,Which undergraduate program has the lowest tuition?,"BA has the lowest listed undergraduate tuition at $7,900 per year.",Direct,Reference + Answered FAQ
285,Program Listing,Which undergraduate program has the highest tuition?,"B.Tech AI & Machine Learning has the highest listed undergraduate tuition at $15,200 per year.",Direct,Reference + Answered FAQ
286,Program Listing,Which postgraduate program has the lowest tuition?,"MA has the lowest listed postgraduate tuition at $9,600 per year.",Direct,Reference + Answered FAQ
287,Program Listing,Which postgraduate program has the highest tuition?,"MBA has the highest listed postgraduate tuition at $18,500 per year.",Direct,Reference + Answered FAQ
288,Program Listing,Which undergraduate programs are three years long?,"BBA, BCA, B.Com, BA and B.Sc are listed as three-year programs.",Direct,Reference + Answered FAQ
289,Program Listing,Which undergraduate programs are four years long?,"B.Tech Computer Science, B.Tech AI & Machine Learning and B.Tech Information Technology are listed as four-year programs.",Direct,Reference + Answered FAQ
290,Program Listing,Which postgraduate programs are two years long?,All six listed postgraduate programs are two years long.,Direct,Reference + Answered FAQ
291,Program Listing,Which programs accept students from any stream?,"BBA, BCA, B.Com and BA.",Direct,Reference + Answered FAQ
292,Program Listing,Which program requires a computing background?,MCA requires a bachelor's in computing.,Direct,Reference + Answered FAQ
293,Program Listing,Which program requires B.Tech or B.E.?,M.Tech requires B.Tech/B.E.,Direct,Reference + Answered FAQ
294,Program Listing,Which program requires a science bachelor's degree?,M.Sc requires a bachelor's in science.,Direct,Reference + Answered FAQ
295,Program Listing,Which program requires a commerce bachelor's degree?,M.Com requires a bachelor's in commerce.,Direct,Reference + Answered FAQ
296,Program Listing,Which computer-related programs are listed?,"The FAQ identifies B.Tech Computer Science, B.Tech AI & Machine Learning, B.Tech Information Technology and BCA at undergraduate level, plus MCA and M.Tech (various specializations) at postgraduate level.",Direct,Reference + Answered FAQ
297,Fees Objection,Can I pay the fees in installments instead of paying the full amount at once?,Yes. Fees may be paid annually or split into two semester installments. A late payment fee applies after the published due date each semester.,Objection / Graceful,Answered FAQ + Reference
298,Financial Aid Objection,Does Meridian provide fee discounts or financial aid?,Need-based financial aid is available for students demonstrating economic need. The reference does not specify general fee discounts beyond the listed scholarships and aid.,Objection / Graceful,Answered FAQ + Reference
299,Fees Objection,Is the application fee mandatory?,A nominal non-refundable processing fee applies per application. The listed amount is $60 for undergraduate applications and $75 for postgraduate applications.,Objection / Graceful,Answered FAQ + Reference
300,Accreditation Objection,Is Meridian accredited and recognized?,"Yes. The reference lists the National Board of Accreditation, International Association of Universities, Global Business School Network and Engineering Council Certified among its accreditations/recognitions.",Objection / Graceful,Answered FAQ + Reference
301,Selection Objection,How can I choose the right course for me?,The reference does not provide a formal course-selection procedure. You can review programs across the six schools and consider your academic background and specialization interests.,Objection / Graceful,Answered FAQ + Reference
302,Program Objection,What programs can I consider if I don't have a specific course in mind?,"You can consider programs across Engineering, Computer Science, Business/Management, Arts, Science and Commerce. Listed undergraduate options include B.Tech, BBA, BCA, B.Com, BA and B.Sc; postgraduate options include MBA, MCA, M.Tech, M.Sc, MA and M.Com.",Objection / Graceful,Answered FAQ + Reference
303,Program Objection,Does Meridian offer a course in Artificial Intelligence?,"Yes. Meridian offers B.Tech AI & Machine Learning, a four-year program requiring 10+2 with PCM. The School of Computer Science also covers AI.",Objection / Graceful,Answered FAQ + Reference
304,Program Objection,What Computer Science courses does Meridian offer?,"The listed computer-related programs include B.Tech Computer Science, B.Tech AI & Machine Learning, B.Tech Information Technology and BCA; postgraduate options include MCA and M.Tech in various specializations.",Objection / Graceful,Answered FAQ + Reference
305,Program Objection,Can I apply for more than one course?,Yes. Applicants may apply to up to two programs within the same intake cycle.,Objection / Graceful,Answered FAQ + Reference
306,Eligibility Objection,Can I apply if my marks are not very high?,You must meet the minimum eligibility requirements for the selected program. For undergraduate programs this means 10+2 or equivalent with required subjects; for postgraduate programs it means a relevant bachelor's degree with the program's minimum aggregate. The reference does not state whether exceptions are available for lower marks.,Objection / Graceful,Answered FAQ + Reference
307,Eligibility Objection,Is an entrance exam required for admission?,Admission may consider entrance scores where applicable. The reference does not say that an entrance exam is mandatory for every program.,Objection / Graceful,Answered FAQ + Reference
308,International Objection,Can international students apply to Meridian?,"Yes. Meridian accepts international students. International applicants should provide a valid passport copy and, where applicable, an English proficiency score.",Objection / Graceful,Answered FAQ + Reference
309,Deadline Objection,When can I apply for admission?,"Meridian accepts applications in Fall and Spring intake cycles, with limited Summer options for select programs. The listed dates include January 15 as the early deadline and April 30 as the regular deadline.",Objection / Graceful,Answered FAQ + Reference
310,Deadline Objection,What can I do if I miss the application deadline?,The reference does not specify a late-application or deadline-extension policy. Please contact Admissions to check whether an alternative option is available.,Objection / Graceful,Answered FAQ + Reference
311,Process Objection,How long does the admission process take?,Admission decisions are typically released within 4–6 weeks of the application deadline.,Objection / Graceful,Answered FAQ + Reference
312,Application Objection,Can I apply to Meridian if I have already applied to another university?,The reference does not state that applying to another university prevents an applicant from applying to Meridian. No restriction is specified.,Objection / Graceful,Answered FAQ + Reference
313,Decision Objection,When will I receive my admission confirmation?,"After the application is reviewed, the applicant receives an admission decision and enrollment instructions. Decisions are typically released within 4–6 weeks of the application deadline.",Objection / Graceful,Answered FAQ + Reference
314,Hostel Objection,Does Meridian provide hostel accommodation?,"Yes. Meridian provides secure, modern residence halls with common lounges and study rooms. The listed accommodation fee is $3,200 per year.",Objection / Graceful,Answered FAQ + Reference
315,Facilities Objection,What facilities are available at Meridian?,"Facilities include smart classrooms; a central library with 200,000+ volumes and 24/7 reading halls; Innovation Labs with prototyping benches and 3D printers; a sports complex; residence halls; cafeteria/food court; 40+ student clubs; and annual fests, hackathons and cultural festivals.",Objection / Graceful,Answered FAQ + Reference
316,Safety Objection,What safety facilities are available for students?,"The reference specifically describes residence halls as secure and modern, with common lounges and study rooms. It does not provide further details about campus safety systems or security services.",Objection / Graceful,Answered FAQ + Reference
317,Visit Objection,Can I visit the campus if I live far away?,The reference does not specify a campus-visit policy or virtual campus tour. Please contact Admissions for current visit arrangements.,Objection / Graceful,Answered FAQ + Reference
318,Research Objection,Does Meridian offer research opportunities?,"Yes. Meridian has over $40M in active research funding across engineering and sciences, Innovation Labs and incubation facilities, and exchange/research agreements with 60+ partner universities. Doctoral programs include funded research positions across every school.",Objection / Graceful,Answered FAQ + Reference
319,PhD Objection,What are the requirements for a PhD at Meridian?,"A relevant master's degree, a research proposal and faculty availability in the chosen research area are required. Research areas include Engineering & Computing, Business & Economics, Natural Sciences, and Humanities & Social Sciences.",Objection / Graceful,Answered FAQ + Reference
320,Relocation Objection,What support does Meridian provide to students moving from another city or country?,"The reference confirms residence halls and international admissions, but it does not specify detailed relocation, airport, visa, travel or settling-in support.",Objection / Graceful,Answered FAQ + Reference
321,Family Objection,Can I discuss the admission decision with my parents before applying?,Yes. The FAQ says applicants may take time to discuss their decision with their parents; the reference does not impose a restriction on discussing an application with family.,Objection / Graceful,Answered FAQ + Reference
322,Decision Objection,Can I take some time to decide before applying?,"Yes. Applicants can take their time before applying, while keeping the published deadlines in mind.",Objection / Graceful,Answered FAQ + Reference
323,Researching Objection,Can I get information if I am only researching universities and am not ready to apply?,"Yes. The admissions process supports prospective students seeking information about admissions, courses, fees, scholarships and other university-related questions. The reference does not require immediate application after an enquiry.",Objection / Graceful,Answered FAQ + Reference
324,Callback Objection,Can someone from the admissions team call me later?,Yes. The admission-agent flow includes an option to schedule a callback and asks for the best time to contact the student.,Objection / Graceful,Answered FAQ + Reference
325,Out of Scope / Graceful Handling,What is the average salary after B.Tech?,The reference does not provide an average salary figure. It only lists an overall 95% placement rate.,Graceful Unknown,Reference + Answered FAQ
326,Out of Scope / Graceful Handling,What is the highest placement package?,The reference does not provide a highest placement package.,Graceful Unknown,Reference + Answered FAQ
327,Out of Scope / Graceful Handling,Which companies recruit from Meridian University?,The reference does not name recruiting companies.,Graceful Unknown,Reference + Answered FAQ
328,Out of Scope / Graceful Handling,Does Meridian provide transportation?,The reference does not specify transportation services.,Graceful Unknown,Reference + Answered FAQ
329,Out of Scope / Graceful Handling,Does Meridian provide airport pickup?,The reference does not specify airport pickup.,Graceful Unknown,Reference + Answered FAQ
330,Out of Scope / Graceful Handling,Does Meridian provide education loans?,The reference does not specify education-loan arrangements.,Graceful Unknown,Reference + Answered FAQ
331,Out of Scope / Graceful Handling,What are the hostel room sizes?,The reference does not provide room sizes.,Graceful Unknown,Reference + Answered FAQ
332,Out of Scope / Graceful Handling,How many students share a hostel room?,The reference does not specify hostel occupancy per room.,Graceful Unknown,Reference + Answered FAQ
333,Out of Scope / Graceful Handling,Are hostel rooms air-conditioned?,The reference does not specify whether hostel rooms are air-conditioned.,Graceful Unknown,Reference + Answered FAQ
334,Out of Scope / Graceful Handling,What are the hostel meal timings?,The reference does not specify meal timings.,Graceful Unknown,Reference + Answered FAQ
335,Out of Scope / Graceful Handling,Are pets allowed in residence halls?,The reference does not provide a pet policy.,Graceful Unknown,Reference + Answered FAQ
336,Out of Scope / Graceful Handling,What are the exact MBA specializations?,The reference lists MBA but does not provide MBA specializations.,Graceful Unknown,Reference + Answered FAQ
337,Out of Scope / Graceful Handling,What are the exact M.Tech specializations?,The reference says M.Tech has various specializations but does not enumerate them.,Graceful Unknown,Reference + Answered FAQ
338,Out of Scope / Graceful Handling,What subjects are taught in each semester?,The reference does not provide semester-by-semester curricula.,Graceful Unknown,Reference + Answered FAQ
339,Out of Scope / Graceful Handling,What is the detailed curriculum for B.Tech Computer Science?,The reference does not provide the detailed B.Tech Computer Science curriculum.,Graceful Unknown,Reference + Answered FAQ
340,Out of Scope / Graceful Handling,What is the student-to-faculty ratio?,"The reference provides 5,000+ students and 150+ faculty, but it does not state an official student-to-faculty ratio.",Graceful Unknown,Reference + Answered FAQ
341,Out of Scope / Graceful Handling,What are the exact entrance exam scores required?,The reference says entrance scores may apply where applicable but does not provide exact score thresholds.,Graceful Unknown,Reference + Answered FAQ
342,Out of Scope / Graceful Handling,What is the minimum percentage for each postgraduate program?,The reference says minimum aggregate marks are specified per program but does not provide the individual percentages.,Graceful Unknown,Reference + Answered FAQ
343,Out of Scope / Graceful Handling,What is the scholarship renewal policy?,The reference does not specify a scholarship renewal policy.,Graceful Unknown,Reference + Answered FAQ
344,Out of Scope / Graceful Handling,What is the refund policy?,The reference does not provide a general refund policy.,Graceful Unknown,Reference + Answered FAQ
345,Out of Scope / Graceful Handling,What is the admission withdrawal policy?,The reference does not provide an admission withdrawal policy.,Graceful Unknown,Reference + Answered FAQ
346,Out of Scope / Graceful Handling,What are the visa requirements for international students?,The reference does not provide visa requirements.,Graceful Unknown,Reference + Answered FAQ
347,Multi-Constraint,Which undergraduate programs are available for a student with PCM?,"B.Tech Computer Science, B.Tech AI & Machine Learning and B.Tech Information Technology require 10+2 (PCM); B.Sc accepts PCM/PCB.",Direct,Reference + Answered FAQ
348,Multi-Constraint,Which undergraduate programs are available for a student with PCB?,B.Sc is listed with 10+2 (PCM/PCB) eligibility. The B.Tech programs are listed as requiring PCM.,Direct,Reference + Answered FAQ
349,Multi-Constraint,Which programs are available for a Commerce student after 12th?,"BBA, BCA, B.Com and BA are listed as accepting 10+2 from any stream.",Direct,Reference + Answered FAQ
350,Multi-Constraint,Which programs are available for an Arts student after 12th?,"BBA, BCA, B.Com and BA are listed as accepting 10+2 from any stream.",Direct,Reference + Answered FAQ
351,Multi-Constraint,What programs are available after graduation?,"Postgraduate options listed are MBA, MCA, M.Tech (Various Specializations), M.Sc, MA and M.Com.",Direct,Reference + Answered FAQ
352,Multi-Constraint,What programs are available after a master's degree?,"The reference lists doctoral programs requiring a relevant master's degree, research proposal and faculty availability.",Direct,Reference + Answered FAQ
353,Multi-Constraint,What are all the fees I need to consider for undergraduate study?,"Undergraduate tuition is $7,900–$15,200/year, application fee $60 one-time, registration $500 one-time, hostel $3,200/year, library/technology $350/year, examination $120/semester, and refundable caution deposit $300 one-time.",Direct,Reference + Answered FAQ
354,Multi-Constraint,What are all the fees I need to consider for postgraduate study?,"Postgraduate tuition is $9,600–$18,500/year, application fee $75 one-time, registration $650 one-time, hostel $3,200/year, library/technology $350/year, examination $150/semester, and refundable caution deposit $300 one-time.",Direct,Reference + Answered FAQ
355,Multi-Constraint,What scholarships and financial aid are available?,"Merit Scholarship up to 50% tuition waiver, Need-Based Aid for economic need, and Sports & Arts Scholarship for distinguished sporting or artistic achievement.",Direct,Reference + Answered FAQ
356,Multi-Constraint,What documents does an international student need?,"General admission documents plus a valid passport copy and, where applicable, an English proficiency score.",Direct,Reference + Answered FAQ
357,Multi-Constraint,What are the admission dates and decision timeline?,Early deadline: January 15; regular deadline: April 30; listed decision date: June 10; decisions are typically released within 4–6 weeks of the application deadline; Fall begins August 1.,Direct,Reference + Answered FAQ
358,Multi-Constraint,What are the PhD eligibility requirements and research areas?,"A relevant master's degree, research proposal and faculty availability are required. Research areas are Engineering & Computing, Business & Economics, Natural Sciences, and Humanities & Social Sciences.",Direct,Reference + Answered FAQ
359,Multi-Constraint,What facilities are available to residential students?,"Residence halls are described as secure and modern with common lounges and study rooms; campus also has smart classrooms, library, labs, sports, dining and clubs.",Direct,Reference + Answered FAQ
360,Multi-Constraint,What are the cheapest programs?,"The lowest listed undergraduate tuition is BA at $7,900/year; the lowest listed postgraduate tuition is MA at $9,600/year.",Direct,Reference + Answered FAQ
361,Multi-Constraint,What are the highest-priced programs?,"The highest listed undergraduate tuition is B.Tech AI & Machine Learning at $15,200/year; the highest listed postgraduate tuition is MBA at $18,500/year.",Direct,Reference + Answered FAQ
362,University Overview,Tell me about Meridian.,"Meridian University is an independent, coeducational institution offering undergraduate, postgraduate and doctoral programs across six schools. It was founded in 1978 on a 120-acre campus and has 5,000+ students from 30+ countries.",Direct,Reference + Answered FAQ
363,University Overview,Give me a quick overview of Meridian University.,"Meridian University is an independent, coeducational institution offering undergraduate, postgraduate and doctoral programs across six schools. It was founded in 1978 on a 120-acre campus and has 5,000+ students from 30+ countries.",Direct,Reference + Answered FAQ
364,University Overview,What should I know about Meridian before applying?,"Meridian University is an independent, coeducational institution offering undergraduate, postgraduate and doctoral programs across six schools. It was founded in 1978 on a 120-acre campus and has 5,000+ students from 30+ countries.",Direct,Reference + Answered FAQ
365,University Overview,How old is Meridian University?,Meridian University was established in 1978.,Direct,Reference + Answered FAQ
366,University Overview,How many years has Meridian University been operating?,The university was established in 1978.,Direct,Reference + Answered FAQ
367,University Overview,What is Meridian's campus size?,The campus is 120 acres.,Direct,Reference + Answered FAQ
368,University Overview,How many students are enrolled?,"The university has 5,000+ students.",Direct,Reference + Answered FAQ
369,University Overview,How many teachers or faculty does Meridian have?,The University at a Glance section lists 150+ faculty.,Direct,Reference + Answered FAQ
370,University Overview,How many programs are offered overall?,The University at a Glance section lists 50+ programs.,Direct,Reference + Answered FAQ
371,University Overview,What is the university's tagline?,The motto/tagline is “Inspiring Tomorrow’s Leaders.”,Direct,Reference + Answered FAQ
372,University Overview,Who leads Meridian University?,The Vice Chancellor is Dr. Helena Cross.,Direct,Reference + Answered FAQ
373,University Overview,What is Meridian's placement percentage?,The University at a Glance section lists a 95% placement rate.,Direct,Reference + Answered FAQ
374,Accreditation,Is Meridian recognized by accreditation bodies?,"Yes. The reference lists four accreditation/recognition bodies: National Board of Accreditation, International Association of Universities, Global Business School Network and Engineering Council Certified.",Direct,Reference + Answered FAQ
375,Accreditation,What recognition has Meridian received?,The reference lists national top-25 private-university ranking recognition for four consecutive years and the stated accreditations/recognitions.,Direct,Reference + Answered FAQ
376,Schools,Name the six schools at Meridian.,"The six schools are Engineering, Computer Science, Business/Management, Arts, Science and Commerce.",Direct,Reference + Answered FAQ
377,Programs,Show me the bachelor's courses.,"The listed bachelor's programs are B.Tech Computer Science, B.Tech AI & Machine Learning, B.Tech IT, BBA, BCA, B.Com, BA and B.Sc.",Direct,Reference + Answered FAQ
378,Programs,Show me the master's courses.,"The listed master's programs are MBA, MCA, M.Tech (Various Specializations), M.Sc, MA and M.Com.",Direct,Reference + Answered FAQ
379,Programs,Do you have AI and machine learning?,"Yes. B.Tech AI & Machine Learning is a four-year undergraduate program with 10+2 (PCM) eligibility and $15,200 annual tuition.",Direct,Reference + Answered FAQ
380,Programs,Do you have a computer applications program?,"Yes. BCA is offered at undergraduate level, and MCA is offered at postgraduate level.",Direct,Reference + Answered FAQ
381,Programs,Do you have information technology?,Yes. B.Tech Information Technology is offered as a four-year undergraduate program requiring 10+2 (PCM).,Direct,Reference + Answered FAQ
382,Admissions,What is the application process in simple terms?,"Apply online, submit documents, undergo admissions review, and receive the admission decision/offer letter with enrollment instructions.",Direct,Reference + Answered FAQ
383,Admissions,What happens after I apply?,"The complete application is reviewed by the admissions committee, followed by an admission decision and enrollment instructions.",Direct,Reference + Answered FAQ
384,Admissions,How soon will admissions respond?,Decisions are typically released within 4–6 weeks of the application deadline.,Direct,Reference + Answered FAQ
385,Admissions,Can I submit an application for two programs?,"Yes, up to two programs may be applied for within the same intake cycle.",Direct,Reference + Answered FAQ
386,Fees,How much is the application charge?,The processing fee is $60 for undergraduate applications and $75 for postgraduate applications; it is non-refundable.,Direct,Reference + Answered FAQ
387,Fees,Can I split tuition payments?,Yes. Fees may be paid annually or in two semester installments.,Direct,Reference + Answered FAQ
388,Fees,Is the deposit refundable?,Yes. The $300 caution deposit is listed as refundable.,Direct,Reference + Answered FAQ
389,Scholarships,What financial support can students get?,"Merit Scholarship up to 50% tuition waiver, Need-Based Aid, and Sports & Arts Scholarship are listed.",Direct,Reference + Answered FAQ
390,International,I am from another country. Can I apply?,"Yes. Meridian accepts international applicants. A valid passport copy and, where applicable, an English proficiency score are required.",Direct,Reference + Answered FAQ
391,International,What extra paperwork do international students need?,"A valid passport copy and, where applicable, an English proficiency score, in addition to the general admission documents.",Direct,Reference + Answered FAQ
392,Campus,Is there student housing?,"Yes. Residence halls are available, with a listed accommodation fee of $3,200 per year.",Direct,Reference + Answered FAQ
393,Campus,Does the campus have a library?,"Yes. The central library has 200,000+ volumes and 24/7 reading halls across two floors.",Direct,Reference + Answered FAQ
394,Campus,Are there labs?,"Yes. Innovation Labs have prototyping benches, 3D printers and startup incubation space.",Direct,Reference + Answered FAQ
395,Student Life,Are there clubs for students?,"Yes. There are 40+ clubs spanning technology, culture, debate and community service.",Direct,Reference + Answered FAQ
396,Student Life,What activities happen on campus?,"Annual events include fests, hackathons and cultural festivals.",Direct,Reference + Answered FAQ
397,Placements,Can you tell me about placements?,The listed placement rate is 95%. The reference does not provide average or highest salary/package figures.,Direct,Reference + Answered FAQ
398,Research,Does the university support research?,"Yes. It reports over $40M in active research funding, Innovation Labs, incubation facilities and 60+ exchange/research partners.",Direct,Reference + Answered FAQ
399,PhD,What do I need for doctoral admission?,"A relevant master's degree, a research proposal and faculty availability in the chosen area.",Direct,Reference + Answered FAQ
400,Contact,How do I reach Admissions?,"Phone: +1 (555) 204-7890; email: admissions@meridian.edu; office hours Monday–Friday, 9:00 AM–5:00 PM.",Direct,Reference + Answered FAQ
401,Program Details,Tell me about B.Tech Computer Science.,"B.Tech Computer Science is a undergraduate program. Duration: 4 Years; eligibility: 10+2 (PCM); listed tuition: $14,500 per year.",Direct,Reference + Answered FAQ
402,Program Details,Give me details about B.Tech Computer Science.,"B.Tech Computer Science is a undergraduate program. Duration: 4 Years; eligibility: 10+2 (PCM); listed tuition: $14,500 per year.",Direct,Reference + Answered FAQ
403,Program Details,Can you explain the B.Tech Computer Science program?,"B.Tech Computer Science is a undergraduate program. Duration: 4 Years; eligibility: 10+2 (PCM); listed tuition: $14,500 per year.",Direct,Reference + Answered FAQ
404,Program Details,What do I need to know about B.Tech Computer Science?,"B.Tech Computer Science is a undergraduate program. Duration: 4 Years; eligibility: 10+2 (PCM); listed tuition: $14,500 per year.",Direct,Reference + Answered FAQ
405,Program Details,What are the requirements for B.Tech Computer Science?,"B.Tech Computer Science is a undergraduate program. Duration: 4 Years; eligibility: 10+2 (PCM); listed tuition: $14,500 per year.",Direct,Reference + Answered FAQ
406,Program Details,Tell me about B.Tech AI & Machine Learning.,"B.Tech AI & Machine Learning is a undergraduate program. Duration: 4 Years; eligibility: 10+2 (PCM); listed tuition: $15,200 per year.",Direct,Reference + Answered FAQ
407,Program Details,Give me details about B.Tech AI & Machine Learning.,"B.Tech AI & Machine Learning is a undergraduate program. Duration: 4 Years; eligibility: 10+2 (PCM); listed tuition: $15,200 per year.",Direct,Reference + Answered FAQ
408,Program Details,Can you explain the B.Tech AI & Machine Learning program?,"B.Tech AI & Machine Learning is a undergraduate program. Duration: 4 Years; eligibility: 10+2 (PCM); listed tuition: $15,200 per year.",Direct,Reference + Answered FAQ
409,Program Details,What do I need to know about B.Tech AI & Machine Learning?,"B.Tech AI & Machine Learning is a undergraduate program. Duration: 4 Years; eligibility: 10+2 (PCM); listed tuition: $15,200 per year.",Direct,Reference + Answered FAQ
410,Program Details,What are the requirements for B.Tech AI & Machine Learning?,"B.Tech AI & Machine Learning is a undergraduate program. Duration: 4 Years; eligibility: 10+2 (PCM); listed tuition: $15,200 per year.",Direct,Reference + Answered FAQ
411,Program Details,Tell me about B.Tech Information Technology.,"B.Tech Information Technology is a undergraduate program. Duration: 4 Years; eligibility: 10+2 (PCM); listed tuition: $14,200 per year.",Direct,Reference + Answered FAQ
412,Program Details,Give me details about B.Tech Information Technology.,"B.Tech Information Technology is a undergraduate program. Duration: 4 Years; eligibility: 10+2 (PCM); listed tuition: $14,200 per year.",Direct,Reference + Answered FAQ
413,Program Details,Can you explain the B.Tech Information Technology program?,"B.Tech Information Technology is a undergraduate program. Duration: 4 Years; eligibility: 10+2 (PCM); listed tuition: $14,200 per year.",Direct,Reference + Answered FAQ
414,Program Details,What do I need to know about B.Tech Information Technology?,"B.Tech Information Technology is a undergraduate program. Duration: 4 Years; eligibility: 10+2 (PCM); listed tuition: $14,200 per year.",Direct,Reference + Answered FAQ
415,Program Details,What are the requirements for B.Tech Information Technology?,"B.Tech Information Technology is a undergraduate program. Duration: 4 Years; eligibility: 10+2 (PCM); listed tuition: $14,200 per year.",Direct,Reference + Answered FAQ
416,Program Details,Tell me about Bachelor of Business Administration (BBA).,"Bachelor of Business Administration (BBA) is a undergraduate program. Duration: 3 Years; eligibility: 10+2 (Any Stream); listed tuition: $10,800 per year.",Direct,Reference + Answered FAQ
417,Program Details,Give me details about Bachelor of Business Administration (BBA).,"Bachelor of Business Administration (BBA) is a undergraduate program. Duration: 3 Years; eligibility: 10+2 (Any Stream); listed tuition: $10,800 per year.",Direct,Reference + Answered FAQ
418,Program Details,Can you explain the Bachelor of Business Administration (BBA) program?,"Bachelor of Business Administration (BBA) is a undergraduate program. Duration: 3 Years; eligibility: 10+2 (Any Stream); listed tuition: $10,800 per year.",Direct,Reference + Answered FAQ
419,Program Details,What do I need to know about Bachelor of Business Administration (BBA)?,"Bachelor of Business Administration (BBA) is a undergraduate program. Duration: 3 Years; eligibility: 10+2 (Any Stream); listed tuition: $10,800 per year.",Direct,Reference + Answered FAQ
420,Program Details,What are the requirements for Bachelor of Business Administration (BBA)?,"Bachelor of Business Administration (BBA) is a undergraduate program. Duration: 3 Years; eligibility: 10+2 (Any Stream); listed tuition: $10,800 per year.",Direct,Reference + Answered FAQ
421,Program Details,Tell me about Bachelor of Computer Applications (BCA).,"Bachelor of Computer Applications (BCA) is a undergraduate program. Duration: 3 Years; eligibility: 10+2 (Any Stream); listed tuition: $10,200 per year.",Direct,Reference + Answered FAQ
422,Program Details,Give me details about Bachelor of Computer Applications (BCA).,"Bachelor of Computer Applications (BCA) is a undergraduate program. Duration: 3 Years; eligibility: 10+2 (Any Stream); listed tuition: $10,200 per year.",Direct,Reference + Answered FAQ
423,Program Details,Can you explain the Bachelor of Computer Applications (BCA) program?,"Bachelor of Computer Applications (BCA) is a undergraduate program. Duration: 3 Years; eligibility: 10+2 (Any Stream); listed tuition: $10,200 per year.",Direct,Reference + Answered FAQ
424,Program Details,What do I need to know about Bachelor of Computer Applications (BCA)?,"Bachelor of Computer Applications (BCA) is a undergraduate program. Duration: 3 Years; eligibility: 10+2 (Any Stream); listed tuition: $10,200 per year.",Direct,Reference + Answered FAQ
425,Program Details,What are the requirements for Bachelor of Computer Applications (BCA)?,"Bachelor of Computer Applications (BCA) is a undergraduate program. Duration: 3 Years; eligibility: 10+2 (Any Stream); listed tuition: $10,200 per year.",Direct,Reference + Answered FAQ
426,Program Details,Tell me about Bachelor of Commerce (B.Com).,"Bachelor of Commerce (B.Com) is a undergraduate program. Duration: 3 Years; eligibility: 10+2 (Any Stream); listed tuition: $8,600 per year.",Direct,Reference + Answered FAQ
427,Program Details,Give me details about Bachelor of Commerce (B.Com).,"Bachelor of Commerce (B.Com) is a undergraduate program. Duration: 3 Years; eligibility: 10+2 (Any Stream); listed tuition: $8,600 per year.",Direct,Reference + Answered FAQ
428,Program Details,Can you explain the Bachelor of Commerce (B.Com) program?,"Bachelor of Commerce (B.Com) is a undergraduate program. Duration: 3 Years; eligibility: 10+2 (Any Stream); listed tuition: $8,600 per year.",Direct,Reference + Answered FAQ
429,Program Details,What do I need to know about Bachelor of Commerce (B.Com)?,"Bachelor of Commerce (B.Com) is a undergraduate program. Duration: 3 Years; eligibility: 10+2 (Any Stream); listed tuition: $8,600 per year.",Direct,Reference + Answered FAQ
430,Program Details,What are the requirements for Bachelor of Commerce (B.Com)?,"Bachelor of Commerce (B.Com) is a undergraduate program. Duration: 3 Years; eligibility: 10+2 (Any Stream); listed tuition: $8,600 per year.",Direct,Reference + Answered FAQ
431,Program Details,Tell me about Bachelor of Arts (BA).,"Bachelor of Arts (BA) is a undergraduate program. Duration: 3 Years; eligibility: 10+2 (Any Stream); listed tuition: $7,900 per year.",Direct,Reference + Answered FAQ
432,Program Details,Give me details about Bachelor of Arts (BA).,"Bachelor of Arts (BA) is a undergraduate program. Duration: 3 Years; eligibility: 10+2 (Any Stream); listed tuition: $7,900 per year.",Direct,Reference + Answered FAQ
433,Program Details,Can you explain the Bachelor of Arts (BA) program?,"Bachelor of Arts (BA) is a undergraduate program. Duration: 3 Years; eligibility: 10+2 (Any Stream); listed tuition: $7,900 per year.",Direct,Reference + Answered FAQ
434,Program Details,What do I need to know about Bachelor of Arts (BA)?,"Bachelor of Arts (BA) is a undergraduate program. Duration: 3 Years; eligibility: 10+2 (Any Stream); listed tuition: $7,900 per year.",Direct,Reference + Answered FAQ
435,Program Details,What are the requirements for Bachelor of Arts (BA)?,"Bachelor of Arts (BA) is a undergraduate program. Duration: 3 Years; eligibility: 10+2 (Any Stream); listed tuition: $7,900 per year.",Direct,Reference + Answered FAQ
436,Program Details,Tell me about Bachelor of Science (B.Sc).,"Bachelor of Science (B.Sc) is a undergraduate program. Duration: 3 Years; eligibility: 10+2 (PCM/PCB); listed tuition: $9,400 per year.",Direct,Reference + Answered FAQ
437,Program Details,Give me details about Bachelor of Science (B.Sc).,"Bachelor of Science (B.Sc) is a undergraduate program. Duration: 3 Years; eligibility: 10+2 (PCM/PCB); listed tuition: $9,400 per year.",Direct,Reference + Answered FAQ
438,Program Details,Can you explain the Bachelor of Science (B.Sc) program?,"Bachelor of Science (B.Sc) is a undergraduate program. Duration: 3 Years; eligibility: 10+2 (PCM/PCB); listed tuition: $9,400 per year.",Direct,Reference + Answered FAQ
439,Program Details,What do I need to know about Bachelor of Science (B.Sc)?,"Bachelor of Science (B.Sc) is a undergraduate program. Duration: 3 Years; eligibility: 10+2 (PCM/PCB); listed tuition: $9,400 per year.",Direct,Reference + Answered FAQ
440,Program Details,What are the requirements for Bachelor of Science (B.Sc)?,"Bachelor of Science (B.Sc) is a undergraduate program. Duration: 3 Years; eligibility: 10+2 (PCM/PCB); listed tuition: $9,400 per year.",Direct,Reference + Answered FAQ
441,Program Details,Tell me about Master of Business Administration (MBA).,"Master of Business Administration (MBA) is a postgraduate program. Duration: 2 Years; eligibility: Bachelor's Degree; listed tuition: $18,500 per year.",Direct,Reference + Answered FAQ
442,Program Details,Give me details about Master of Business Administration (MBA).,"Master of Business Administration (MBA) is a postgraduate program. Duration: 2 Years; eligibility: Bachelor's Degree; listed tuition: $18,500 per year.",Direct,Reference + Answered FAQ
443,Program Details,Can you explain the Master of Business Administration (MBA) program?,"Master of Business Administration (MBA) is a postgraduate program. Duration: 2 Years; eligibility: Bachelor's Degree; listed tuition: $18,500 per year.",Direct,Reference + Answered FAQ
444,Program Details,What do I need to know about Master of Business Administration (MBA)?,"Master of Business Administration (MBA) is a postgraduate program. Duration: 2 Years; eligibility: Bachelor's Degree; listed tuition: $18,500 per year.",Direct,Reference + Answered FAQ
445,Program Details,What are the requirements for Master of Business Administration (MBA)?,"Master of Business Administration (MBA) is a postgraduate program. Duration: 2 Years; eligibility: Bachelor's Degree; listed tuition: $18,500 per year.",Direct,Reference + Answered FAQ
446,Program Details,Tell me about Master of Computer Applications (MCA).,"Master of Computer Applications (MCA) is a postgraduate program. Duration: 2 Years; eligibility: Bachelor's in Computing; listed tuition: $13,800 per year.",Direct,Reference + Answered FAQ
447,Program Details,Give me details about Master of Computer Applications (MCA).,"Master of Computer Applications (MCA) is a postgraduate program. Duration: 2 Years; eligibility: Bachelor's in Computing; listed tuition: $13,800 per year.",Direct,Reference + Answered FAQ
448,Program Details,Can you explain the Master of Computer Applications (MCA) program?,"Master of Computer Applications (MCA) is a postgraduate program. Duration: 2 Years; eligibility: Bachelor's in Computing; listed tuition: $13,800 per year.",Direct,Reference + Answered FAQ
449,Program Details,What do I need to know about Master of Computer Applications (MCA)?,"Master of Computer Applications (MCA) is a postgraduate program. Duration: 2 Years; eligibility: Bachelor's in Computing; listed tuition: $13,800 per year.",Direct,Reference + Answered FAQ
450,Program Details,What are the requirements for Master of Computer Applications (MCA)?,"Master of Computer Applications (MCA) is a postgraduate program. Duration: 2 Years; eligibility: Bachelor's in Computing; listed tuition: $13,800 per year.",Direct,Reference + Answered FAQ
451,Program Details,Tell me about M.Tech (Various Specializations).,"M.Tech (Various Specializations) is a postgraduate program. Duration: 2 Years; eligibility: B.Tech / B.E.; listed tuition: $14,600 per year.",Direct,Reference + Answered FAQ
452,Program Details,Give me details about M.Tech (Various Specializations).,"M.Tech (Various Specializations) is a postgraduate program. Duration: 2 Years; eligibility: B.Tech / B.E.; listed tuition: $14,600 per year.",Direct,Reference + Answered FAQ
453,Program Details,Can you explain the M.Tech (Various Specializations) program?,"M.Tech (Various Specializations) is a postgraduate program. Duration: 2 Years; eligibility: B.Tech / B.E.; listed tuition: $14,600 per year.",Direct,Reference + Answered FAQ
454,Program Details,What do I need to know about M.Tech (Various Specializations)?,"M.Tech (Various Specializations) is a postgraduate program. Duration: 2 Years; eligibility: B.Tech / B.E.; listed tuition: $14,600 per year.",Direct,Reference + Answered FAQ
455,Program Details,What are the requirements for M.Tech (Various Specializations)?,"M.Tech (Various Specializations) is a postgraduate program. Duration: 2 Years; eligibility: B.Tech / B.E.; listed tuition: $14,600 per year.",Direct,Reference + Answered FAQ
456,Program Details,Tell me about Master of Science (M.Sc).,"Master of Science (M.Sc) is a postgraduate program. Duration: 2 Years; eligibility: Bachelor's in Science; listed tuition: $11,200 per year.",Direct,Reference + Answered FAQ
457,Program Details,Give me details about Master of Science (M.Sc).,"Master of Science (M.Sc) is a postgraduate program. Duration: 2 Years; eligibility: Bachelor's in Science; listed tuition: $11,200 per year.",Direct,Reference + Answered FAQ
458,Program Details,Can you explain the Master of Science (M.Sc) program?,"Master of Science (M.Sc) is a postgraduate program. Duration: 2 Years; eligibility: Bachelor's in Science; listed tuition: $11,200 per year.",Direct,Reference + Answered FAQ
459,Program Details,What do I need to know about Master of Science (M.Sc)?,"Master of Science (M.Sc) is a postgraduate program. Duration: 2 Years; eligibility: Bachelor's in Science; listed tuition: $11,200 per year.",Direct,Reference + Answered FAQ
460,Program Details,What are the requirements for Master of Science (M.Sc)?,"Master of Science (M.Sc) is a postgraduate program. Duration: 2 Years; eligibility: Bachelor's in Science; listed tuition: $11,200 per year.",Direct,Reference + Answered FAQ
461,Program Details,Tell me about Master of Arts (MA).,"Master of Arts (MA) is a postgraduate program. Duration: 2 Years; eligibility: Bachelor's Degree; listed tuition: $9,600 per year.",Direct,Reference + Answered FAQ
462,Program Details,Give me details about Master of Arts (MA).,"Master of Arts (MA) is a postgraduate program. Duration: 2 Years; eligibility: Bachelor's Degree; listed tuition: $9,600 per year.",Direct,Reference + Answered FAQ
463,Program Details,Can you explain the Master of Arts (MA) program?,"Master of Arts (MA) is a postgraduate program. Duration: 2 Years; eligibility: Bachelor's Degree; listed tuition: $9,600 per year.",Direct,Reference + Answered FAQ
464,Program Details,What do I need to know about Master of Arts (MA)?,"Master of Arts (MA) is a postgraduate program. Duration: 2 Years; eligibility: Bachelor's Degree; listed tuition: $9,600 per year.",Direct,Reference + Answered FAQ
465,Program Details,What are the requirements for Master of Arts (MA)?,"Master of Arts (MA) is a postgraduate program. Duration: 2 Years; eligibility: Bachelor's Degree; listed tuition: $9,600 per year.",Direct,Reference + Answered FAQ
466,Program Details,Tell me about Master of Commerce (M.Com).,"Master of Commerce (M.Com) is a postgraduate program. Duration: 2 Years; eligibility: Bachelor's in Commerce; listed tuition: $9,900 per year.",Direct,Reference + Answered FAQ
467,Program Details,Give me details about Master of Commerce (M.Com).,"Master of Commerce (M.Com) is a postgraduate program. Duration: 2 Years; eligibility: Bachelor's in Commerce; listed tuition: $9,900 per year.",Direct,Reference + Answered FAQ
468,Program Details,Can you explain the Master of Commerce (M.Com) program?,"Master of Commerce (M.Com) is a postgraduate program. Duration: 2 Years; eligibility: Bachelor's in Commerce; listed tuition: $9,900 per year.",Direct,Reference + Answered FAQ
469,Program Details,What do I need to know about Master of Commerce (M.Com)?,"Master of Commerce (M.Com) is a postgraduate program. Duration: 2 Years; eligibility: Bachelor's in Commerce; listed tuition: $9,900 per year.",Direct,Reference + Answered FAQ
470,Program Details,What are the requirements for Master of Commerce (M.Com)?,"Master of Commerce (M.Com) is a postgraduate program. Duration: 2 Years; eligibility: Bachelor's in Commerce; listed tuition: $9,900 per year.",Direct,Reference + Answered FAQ
471,Undergraduate Applicant,I finished 12th. Which programs can I apply for?,"You can consider the undergraduate programs based on your 10+2 subjects. BBA, BCA, B.Com and BA accept any stream; the B.Tech programs require PCM; B.Sc accepts PCM/PCB.",Direct,Reference + Answered FAQ
472,Undergraduate Applicant,I am a PCM student. Which programs can I apply for?,"B.Tech Computer Science, B.Tech AI & Machine Learning and B.Tech Information Technology require PCM; B.Sc accepts PCM/PCB.",Direct,Reference + Answered FAQ
473,Undergraduate Applicant,I am a PCB student. Which programs can I apply for?,B.Sc is listed with PCM/PCB eligibility. The B.Tech programs require PCM.,Direct,Reference + Answered FAQ
474,Undergraduate Applicant,I studied Commerce in 12th. What can I apply for?,"BBA, BCA, B.Com and BA are listed with 10+2 (Any Stream) eligibility.",Direct,Reference + Answered FAQ
475,Undergraduate Applicant,I studied Arts in 12th. What can I apply for?,"BBA, BCA, B.Com and BA are listed with 10+2 (Any Stream) eligibility.",Direct,Reference + Answered FAQ
476,Graduate Applicant,I completed my bachelor's. What can I study next?,"You can consider the listed postgraduate programs: MBA, MCA, M.Tech, M.Sc, MA and M.Com, subject to each program's eligibility.",Direct,Reference + Answered FAQ
477,Graduate Applicant,I have B.Tech. Which master's programs are relevant to my eligibility?,M.Tech is explicitly listed for B.Tech/B.E. holders. MBA accepts a bachelor's degree generally. Other programs have their own specified degree prerequisites.,Direct,Reference + Answered FAQ
478,Graduate Applicant,I have a computing bachelor's degree. Can I apply for MCA?,Yes. MCA is listed with eligibility of a bachelor's in computing.,Direct,Reference + Answered FAQ
479,Graduate Applicant,I have B.E. Can I apply for M.Tech?,Yes. M.Tech is listed with eligibility of B.Tech/B.E.,Direct,Reference + Answered FAQ
480,Graduate Applicant,I have a science bachelor's degree. Can I apply for M.Sc?,Yes. M.Sc is listed with eligibility of a bachelor's in science.,Direct,Reference + Answered FAQ
481,Graduate Applicant,I have a commerce bachelor's degree. Can I apply for M.Com?,Yes. M.Com is listed with eligibility of a bachelor's in commerce.,Direct,Reference + Answered FAQ
482,Parent / Guardian,I am enquiring for my child. What should I know first?,"Key areas include the child's academic eligibility, available programs, fees, deadlines, scholarships, accommodation, facilities and the admission process. The reference provides information on all of these areas.",Direct,Reference + Answered FAQ
483,Parent / Guardian,What will the total annual cost be for my child?,"The document gives separate tuition and additional-fee components. For undergraduate study, tuition is $7,900–$15,200/year; accommodation $3,200/year; library/technology $350/year; examination $120/semester; registration $500 one-time; application $60 one-time; caution deposit $300 refundable. Actual total depends on the selected program and whether accommodation is used.",Direct,Reference + Answered FAQ
484,Parent / Guardian,Is my child eligible for scholarships?,"The reference lists merit scholarships for top-scoring incoming students, need-based aid, and Sports & Arts Scholarships for distinguished achievement. It does not provide individual eligibility scoring rules beyond those descriptions.",Direct,Reference + Answered FAQ
485,Parent / Guardian,Is accommodation available for my child?,"Yes. Residence halls are listed as secure and modern with common lounges and study rooms; the listed accommodation fee is $3,200/year.",Direct,Reference + Answered FAQ
486,Parent / Guardian,What is the university's placement rate?,The University at a Glance section lists a 95% placement rate.,Direct,Reference + Answered FAQ
487,Fee Components,What is the undergraduate tuition?,"The undergraduate tuition range is $7,900–$15,200 per year.",Direct,Reference + Answered FAQ
488,Fee Components,What is the postgraduate tuition?,"The postgraduate tuition range is $9,600–$18,500 per year.",Direct,Reference + Answered FAQ
489,Fee Components,What is the undergraduate processing fee?,The undergraduate processing fee is $60 one-time and non-refundable.,Direct,Reference + Answered FAQ
490,Fee Components,What is the postgraduate processing fee?,The postgraduate processing fee is $75 one-time and non-refundable.,Direct,Reference + Answered FAQ
491,Fee Components,What is the undergraduate admission fee?,The undergraduate admission/registration fee is $500 one-time.,Direct,Reference + Answered FAQ
492,Fee Components,What is the postgraduate admission fee?,The postgraduate admission/registration fee is $650 one-time.,Direct,Reference + Answered FAQ
493,Fee Components,What is the accommodation fee?,"Hostel/accommodation is $3,200 per year for both undergraduate and postgraduate listings.",Direct,Reference + Answered FAQ
494,Fee Components,What is the library and technology charge?,The library and technology fee is $350 per year.,Direct,Reference + Answered FAQ
495,Fee Components,What is the undergraduate exam fee?,The undergraduate examination fee is $120 per semester.,Direct,Reference + Answered FAQ
496,Fee Components,What is the postgraduate exam fee?,The postgraduate examination fee is $150 per semester.,Direct,Reference + Answered FAQ
497,Intakes & Dates,What is the Fall intake?,Fall is one of the two regular intake cycles; the listed Fall semester start date is August 1.,Direct,Reference + Answered FAQ
498,Intakes & Dates,What is the Spring intake?,Spring is one of the two regular intake cycles.,Direct,Reference + Answered FAQ
499,Intakes & Dates,Is there a Summer intake?,Limited Summer options are available for select programs.,Direct,Reference + Answered FAQ
500,Intakes & Dates,How many intake cycles are there each year?,"There are two regular intake cycles, Fall and Spring, with limited Summer options for select programs.",Direct,Reference + Answered FAQ
501,Intakes & Dates,What is the application timeline?,Early application deadline: January 15; regular application deadline: April 30; admission decisions: June 10; Fall semester begins August 1.,Direct,Reference + Answered FAQ
502,Program Details,How much is B.Tech Computer Science tuition?,"B.Tech Computer Science is a undergraduate program. Duration: 4 Years; eligibility: 10+2 (PCM); listed tuition: $14,500 per year.",Direct,Reference + Answered FAQ
503,Program Details,What are the entry requirements for B.Tech Computer Science?,"B.Tech Computer Science is a undergraduate program. Duration: 4 Years; eligibility: 10+2 (PCM); listed tuition: $14,500 per year.",Direct,Reference + Answered FAQ
504,Program Details,How many years is B.Tech Computer Science?,"B.Tech Computer Science is a undergraduate program. Duration: 4 Years; eligibility: 10+2 (PCM); listed tuition: $14,500 per year.",Direct,Reference + Answered FAQ
505,Program Details,Can I study B.Tech Computer Science at Meridian?,"B.Tech Computer Science is a undergraduate program. Duration: 4 Years; eligibility: 10+2 (PCM); listed tuition: $14,500 per year.",Direct,Reference + Answered FAQ
506,Program Details,Is B.Tech Computer Science a undergraduate program?,"B.Tech Computer Science is a undergraduate program. Duration: 4 Years; eligibility: 10+2 (PCM); listed tuition: $14,500 per year.",Direct,Reference + Answered FAQ
507,Program Details,What qualification is needed for B.Tech Computer Science?,"B.Tech Computer Science is a undergraduate program. Duration: 4 Years; eligibility: 10+2 (PCM); listed tuition: $14,500 per year.",Direct,Reference + Answered FAQ
508,Program Details,What is the yearly fee for B.Tech Computer Science?,"B.Tech Computer Science is a undergraduate program. Duration: 4 Years; eligibility: 10+2 (PCM); listed tuition: $14,500 per year.",Direct,Reference + Answered FAQ
509,Program Details,How much is B.Tech AI & Machine Learning tuition?,"B.Tech AI & Machine Learning is a undergraduate program. Duration: 4 Years; eligibility: 10+2 (PCM); listed tuition: $15,200 per year.",Direct,Reference + Answered FAQ
510,Program Details,What are the entry requirements for B.Tech AI & Machine Learning?,"B.Tech AI & Machine Learning is a undergraduate program. Duration: 4 Years; eligibility: 10+2 (PCM); listed tuition: $15,200 per year.",Direct,Reference + Answered FAQ
511,Program Details,How many years is B.Tech AI & Machine Learning?,"B.Tech AI & Machine Learning is a undergraduate program. Duration: 4 Years; eligibility: 10+2 (PCM); listed tuition: $15,200 per year.",Direct,Reference + Answered FAQ
512,Program Details,Can I study B.Tech AI & Machine Learning at Meridian?,"B.Tech AI & Machine Learning is a undergraduate program. Duration: 4 Years; eligibility: 10+2 (PCM); listed tuition: $15,200 per year.",Direct,Reference + Answered FAQ
513,Program Details,Is B.Tech AI & Machine Learning a undergraduate program?,"B.Tech AI & Machine Learning is a undergraduate program. Duration: 4 Years; eligibility: 10+2 (PCM); listed tuition: $15,200 per year.",Direct,Reference + Answered FAQ
514,Program Details,What qualification is needed for B.Tech AI & Machine Learning?,"B.Tech AI & Machine Learning is a undergraduate program. Duration: 4 Years; eligibility: 10+2 (PCM); listed tuition: $15,200 per year.",Direct,Reference + Answered FAQ
515,Program Details,What is the yearly fee for B.Tech AI & Machine Learning?,"B.Tech AI & Machine Learning is a undergraduate program. Duration: 4 Years; eligibility: 10+2 (PCM); listed tuition: $15,200 per year.",Direct,Reference + Answered FAQ
516,Program Details,How much is B.Tech Information Technology tuition?,"B.Tech Information Technology is a undergraduate program. Duration: 4 Years; eligibility: 10+2 (PCM); listed tuition: $14,200 per year.",Direct,Reference + Answered FAQ
517,Program Details,What are the entry requirements for B.Tech Information Technology?,"B.Tech Information Technology is a undergraduate program. Duration: 4 Years; eligibility: 10+2 (PCM); listed tuition: $14,200 per year.",Direct,Reference + Answered FAQ
518,Program Details,How many years is B.Tech Information Technology?,"B.Tech Information Technology is a undergraduate program. Duration: 4 Years; eligibility: 10+2 (PCM); listed tuition: $14,200 per year.",Direct,Reference + Answered FAQ
519,Program Details,Can I study B.Tech Information Technology at Meridian?,"B.Tech Information Technology is a undergraduate program. Duration: 4 Years; eligibility: 10+2 (PCM); listed tuition: $14,200 per year.",Direct,Reference + Answered FAQ
520,Program Details,Is B.Tech Information Technology a undergraduate program?,"B.Tech Information Technology is a undergraduate program. Duration: 4 Years; eligibility: 10+2 (PCM); listed tuition: $14,200 per year.",Direct,Reference + Answered FAQ
521,Program Details,What qualification is needed for B.Tech Information Technology?,"B.Tech Information Technology is a undergraduate program. Duration: 4 Years; eligibility: 10+2 (PCM); listed tuition: $14,200 per year.",Direct,Reference + Answered FAQ
522,Program Details,What is the yearly fee for B.Tech Information Technology?,"B.Tech Information Technology is a undergraduate program. Duration: 4 Years; eligibility: 10+2 (PCM); listed tuition: $14,200 per year.",Direct,Reference + Answered FAQ
523,Program Details,How much is Bachelor of Business Administration tuition?,"Bachelor of Business Administration (BBA) is a undergraduate program. Duration: 3 Years; eligibility: 10+2 (Any Stream); listed tuition: $10,800 per year.",Direct,Reference + Answered FAQ
524,Program Details,What are the entry requirements for Bachelor of Business Administration?,"Bachelor of Business Administration (BBA) is a undergraduate program. Duration: 3 Years; eligibility: 10+2 (Any Stream); listed tuition: $10,800 per year.",Direct,Reference + Answered FAQ
525,Program Details,How many years is Bachelor of Business Administration?,"Bachelor of Business Administration (BBA) is a undergraduate program. Duration: 3 Years; eligibility: 10+2 (Any Stream); listed tuition: $10,800 per year.",Direct,Reference + Answered FAQ
526,Program Details,Can I study Bachelor of Business Administration at Meridian?,"Bachelor of Business Administration (BBA) is a undergraduate program. Duration: 3 Years; eligibility: 10+2 (Any Stream); listed tuition: $10,800 per year.",Direct,Reference + Answered FAQ
527,Program Details,Is Bachelor of Business Administration a undergraduate program?,"Bachelor of Business Administration (BBA) is a undergraduate program. Duration: 3 Years; eligibility: 10+2 (Any Stream); listed tuition: $10,800 per year.",Direct,Reference + Answered FAQ
528,Program Details,What qualification is needed for Bachelor of Business Administration?,"Bachelor of Business Administration (BBA) is a undergraduate program. Duration: 3 Years; eligibility: 10+2 (Any Stream); listed tuition: $10,800 per year.",Direct,Reference + Answered FAQ
529,Program Details,What is the yearly fee for Bachelor of Business Administration?,"Bachelor of Business Administration (BBA) is a undergraduate program. Duration: 3 Years; eligibility: 10+2 (Any Stream); listed tuition: $10,800 per year.",Direct,Reference + Answered FAQ
530,Program Details,How much is Bachelor of Computer Applications tuition?,"Bachelor of Computer Applications (BCA) is a undergraduate program. Duration: 3 Years; eligibility: 10+2 (Any Stream); listed tuition: $10,200 per year.",Direct,Reference + Answered FAQ
531,Program Details,What are the entry requirements for Bachelor of Computer Applications?,"Bachelor of Computer Applications (BCA) is a undergraduate program. Duration: 3 Years; eligibility: 10+2 (Any Stream); listed tuition: $10,200 per year.",Direct,Reference + Answered FAQ
532,Program Details,How many years is Bachelor of Computer Applications?,"Bachelor of Computer Applications (BCA) is a undergraduate program. Duration: 3 Years; eligibility: 10+2 (Any Stream); listed tuition: $10,200 per year.",Direct,Reference + Answered FAQ
533,Program Details,Can I study Bachelor of Computer Applications at Meridian?,"Bachelor of Computer Applications (BCA) is a undergraduate program. Duration: 3 Years; eligibility: 10+2 (Any Stream); listed tuition: $10,200 per year.",Direct,Reference + Answered FAQ
534,Program Details,Is Bachelor of Computer Applications a undergraduate program?,"Bachelor of Computer Applications (BCA) is a undergraduate program. Duration: 3 Years; eligibility: 10+2 (Any Stream); listed tuition: $10,200 per year.",Direct,Reference + Answered FAQ
535,Program Details,What qualification is needed for Bachelor of Computer Applications?,"Bachelor of Computer Applications (BCA) is a undergraduate program. Duration: 3 Years; eligibility: 10+2 (Any Stream); listed tuition: $10,200 per year.",Direct,Reference + Answered FAQ
536,Program Details,What is the yearly fee for Bachelor of Computer Applications?,"Bachelor of Computer Applications (BCA) is a undergraduate program. Duration: 3 Years; eligibility: 10+2 (Any Stream); listed tuition: $10,200 per year.",Direct,Reference + Answered FAQ
537,Program Details,How much is Bachelor of Commerce tuition?,"Bachelor of Commerce (B.Com) is a undergraduate program. Duration: 3 Years; eligibility: 10+2 (Any Stream); listed tuition: $8,600 per year.",Direct,Reference + Answered FAQ
538,Program Details,What are the entry requirements for Bachelor of Commerce?,"Bachelor of Commerce (B.Com) is a undergraduate program. Duration: 3 Years; eligibility: 10+2 (Any Stream); listed tuition: $8,600 per year.",Direct,Reference + Answered FAQ
539,Program Details,How many years is Bachelor of Commerce?,"Bachelor of Commerce (B.Com) is a undergraduate program. Duration: 3 Years; eligibility: 10+2 (Any Stream); listed tuition: $8,600 per year.",Direct,Reference + Answered FAQ
540,Program Details,Can I study Bachelor of Commerce at Meridian?,"Bachelor of Commerce (B.Com) is a undergraduate program. Duration: 3 Years; eligibility: 10+2 (Any Stream); listed tuition: $8,600 per year.",Direct,Reference + Answered FAQ
541,Program Details,Is Bachelor of Commerce a undergraduate program?,"Bachelor of Commerce (B.Com) is a undergraduate program. Duration: 3 Years; eligibility: 10+2 (Any Stream); listed tuition: $8,600 per year.",Direct,Reference + Answered FAQ
542,Program Details,What qualification is needed for Bachelor of Commerce?,"Bachelor of Commerce (B.Com) is a undergraduate program. Duration: 3 Years; eligibility: 10+2 (Any Stream); listed tuition: $8,600 per year.",Direct,Reference + Answered FAQ
543,Program Details,What is the yearly fee for Bachelor of Commerce?,"Bachelor of Commerce (B.Com) is a undergraduate program. Duration: 3 Years; eligibility: 10+2 (Any Stream); listed tuition: $8,600 per year.",Direct,Reference + Answered FAQ
544,Program Details,How much is Bachelor of Arts tuition?,"Bachelor of Arts (BA) is a undergraduate program. Duration: 3 Years; eligibility: 10+2 (Any Stream); listed tuition: $7,900 per year.",Direct,Reference + Answered FAQ
545,Program Details,What are the entry requirements for Bachelor of Arts?,"Bachelor of Arts (BA) is a undergraduate program. Duration: 3 Years; eligibility: 10+2 (Any Stream); listed tuition: $7,900 per year.",Direct,Reference + Answered FAQ
546,Program Details,How many years is Bachelor of Arts?,"Bachelor of Arts (BA) is a undergraduate program. Duration: 3 Years; eligibility: 10+2 (Any Stream); listed tuition: $7,900 per year.",Direct,Reference + Answered FAQ
547,Program Details,Can I study Bachelor of Arts at Meridian?,"Bachelor of Arts (BA) is a undergraduate program. Duration: 3 Years; eligibility: 10+2 (Any Stream); listed tuition: $7,900 per year.",Direct,Reference + Answered FAQ
548,Program Details,Is Bachelor of Arts a undergraduate program?,"Bachelor of Arts (BA) is a undergraduate program. Duration: 3 Years; eligibility: 10+2 (Any Stream); listed tuition: $7,900 per year.",Direct,Reference + Answered FAQ
549,Program Details,What qualification is needed for Bachelor of Arts?,"Bachelor of Arts (BA) is a undergraduate program. Duration: 3 Years; eligibility: 10+2 (Any Stream); listed tuition: $7,900 per year.",Direct,Reference + Answered FAQ
550,Program Details,What is the yearly fee for Bachelor of Arts?,"Bachelor of Arts (BA) is a undergraduate program. Duration: 3 Years; eligibility: 10+2 (Any Stream); listed tuition: $7,900 per year.",Direct,Reference + Answered FAQ
551,Program Details,How much is Bachelor of Science tuition?,"Bachelor of Science (B.Sc) is a undergraduate program. Duration: 3 Years; eligibility: 10+2 (PCM/PCB); listed tuition: $9,400 per year.",Direct,Reference + Answered FAQ
552,Program Details,What are the entry requirements for Bachelor of Science?,"Bachelor of Science (B.Sc) is a undergraduate program. Duration: 3 Years; eligibility: 10+2 (PCM/PCB); listed tuition: $9,400 per year.",Direct,Reference + Answered FAQ
553,Program Details,How many years is Bachelor of Science?,"Bachelor of Science (B.Sc) is a undergraduate program. Duration: 3 Years; eligibility: 10+2 (PCM/PCB); listed tuition: $9,400 per year.",Direct,Reference + Answered FAQ
554,Program Details,Can I study Bachelor of Science at Meridian?,"Bachelor of Science (B.Sc) is a undergraduate program. Duration: 3 Years; eligibility: 10+2 (PCM/PCB); listed tuition: $9,400 per year.",Direct,Reference + Answered FAQ
555,Program Details,Is Bachelor of Science a undergraduate program?,"Bachelor of Science (B.Sc) is a undergraduate program. Duration: 3 Years; eligibility: 10+2 (PCM/PCB); listed tuition: $9,400 per year.",Direct,Reference + Answered FAQ
556,Program Details,What qualification is needed for Bachelor of Science?,"Bachelor of Science (B.Sc) is a undergraduate program. Duration: 3 Years; eligibility: 10+2 (PCM/PCB); listed tuition: $9,400 per year.",Direct,Reference + Answered FAQ
557,Program Details,What is the yearly fee for Bachelor of Science?,"Bachelor of Science (B.Sc) is a undergraduate program. Duration: 3 Years; eligibility: 10+2 (PCM/PCB); listed tuition: $9,400 per year.",Direct,Reference + Answered FAQ
558,Program Details,How much is Master of Business Administration tuition?,"Master of Business Administration (MBA) is a postgraduate program. Duration: 2 Years; eligibility: Bachelor's Degree; listed tuition: $18,500 per year.",Direct,Reference + Answered FAQ
559,Program Details,What are the entry requirements for Master of Business Administration?,"Master of Business Administration (MBA) is a postgraduate program. Duration: 2 Years; eligibility: Bachelor's Degree; listed tuition: $18,500 per year.",Direct,Reference + Answered FAQ
560,Program Details,How many years is Master of Business Administration?,"Master of Business Administration (MBA) is a postgraduate program. Duration: 2 Years; eligibility: Bachelor's Degree; listed tuition: $18,500 per year.",Direct,Reference + Answered FAQ
561,Program Details,Can I study Master of Business Administration at Meridian?,"Master of Business Administration (MBA) is a postgraduate program. Duration: 2 Years; eligibility: Bachelor's Degree; listed tuition: $18,500 per year.",Direct,Reference + Answered FAQ
562,Program Details,Is Master of Business Administration a postgraduate program?,"Master of Business Administration (MBA) is a postgraduate program. Duration: 2 Years; eligibility: Bachelor's Degree; listed tuition: $18,500 per year.",Direct,Reference + Answered FAQ
563,Program Details,What qualification is needed for Master of Business Administration?,"Master of Business Administration (MBA) is a postgraduate program. Duration: 2 Years; eligibility: Bachelor's Degree; listed tuition: $18,500 per year.",Direct,Reference + Answered FAQ
564,Program Details,What is the yearly fee for Master of Business Administration?,"Master of Business Administration (MBA) is a postgraduate program. Duration: 2 Years; eligibility: Bachelor's Degree; listed tuition: $18,500 per year.",Direct,Reference + Answered FAQ
565,Program Details,How much is Master of Computer Applications tuition?,"Master of Computer Applications (MCA) is a postgraduate program. Duration: 2 Years; eligibility: Bachelor's in Computing; listed tuition: $13,800 per year.",Direct,Reference + Answered FAQ
566,Program Details,What are the entry requirements for Master of Computer Applications?,"Master of Computer Applications (MCA) is a postgraduate program. Duration: 2 Years; eligibility: Bachelor's in Computing; listed tuition: $13,800 per year.",Direct,Reference + Answered FAQ
567,Program Details,How many years is Master of Computer Applications?,"Master of Computer Applications (MCA) is a postgraduate program. Duration: 2 Years; eligibility: Bachelor's in Computing; listed tuition: $13,800 per year.",Direct,Reference + Answered FAQ
568,Program Details,Can I study Master of Computer Applications at Meridian?,"Master of Computer Applications (MCA) is a postgraduate program. Duration: 2 Years; eligibility: Bachelor's in Computing; listed tuition: $13,800 per year.",Direct,Reference + Answered FAQ
569,Program Details,Is Master of Computer Applications a postgraduate program?,"Master of Computer Applications (MCA) is a postgraduate program. Duration: 2 Years; eligibility: Bachelor's in Computing; listed tuition: $13,800 per year.",Direct,Reference + Answered FAQ
570,Program Details,What qualification is needed for Master of Computer Applications?,"Master of Computer Applications (MCA) is a postgraduate program. Duration: 2 Years; eligibility: Bachelor's in Computing; listed tuition: $13,800 per year.",Direct,Reference + Answered FAQ
571,Program Details,What is the yearly fee for Master of Computer Applications?,"Master of Computer Applications (MCA) is a postgraduate program. Duration: 2 Years; eligibility: Bachelor's in Computing; listed tuition: $13,800 per year.",Direct,Reference + Answered FAQ
572,Program Details,How much is M.Tech tuition?,"M.Tech (Various Specializations) is a postgraduate program. Duration: 2 Years; eligibility: B.Tech / B.E.; listed tuition: $14,600 per year.",Direct,Reference + Answered FAQ
573,Program Details,What are the entry requirements for M.Tech?,"M.Tech (Various Specializations) is a postgraduate program. Duration: 2 Years; eligibility: B.Tech / B.E.; listed tuition: $14,600 per year.",Direct,Reference + Answered FAQ
574,Program Details,How many years is M.Tech?,"M.Tech (Various Specializations) is a postgraduate program. Duration: 2 Years; eligibility: B.Tech / B.E.; listed tuition: $14,600 per year.",Direct,Reference + Answered FAQ
575,Program Details,Can I study M.Tech at Meridian?,"M.Tech (Various Specializations) is a postgraduate program. Duration: 2 Years; eligibility: B.Tech / B.E.; listed tuition: $14,600 per year.",Direct,Reference + Answered FAQ
576,Program Details,Is M.Tech a postgraduate program?,"M.Tech (Various Specializations) is a postgraduate program. Duration: 2 Years; eligibility: B.Tech / B.E.; listed tuition: $14,600 per year.",Direct,Reference + Answered FAQ
577,Program Details,What qualification is needed for M.Tech?,"M.Tech (Various Specializations) is a postgraduate program. Duration: 2 Years; eligibility: B.Tech / B.E.; listed tuition: $14,600 per year.",Direct,Reference + Answered FAQ
578,Program Details,What is the yearly fee for M.Tech?,"M.Tech (Various Specializations) is a postgraduate program. Duration: 2 Years; eligibility: B.Tech / B.E.; listed tuition: $14,600 per year.",Direct,Reference + Answered FAQ
579,Program Details,How much is Master of Science tuition?,"Master of Science (M.Sc) is a postgraduate program. Duration: 2 Years; eligibility: Bachelor's in Science; listed tuition: $11,200 per year.",Direct,Reference + Answered FAQ
580,Program Details,What are the entry requirements for Master of Science?,"Master of Science (M.Sc) is a postgraduate program. Duration: 2 Years; eligibility: Bachelor's in Science; listed tuition: $11,200 per year.",Direct,Reference + Answered FAQ
581,Program Details,How many years is Master of Science?,"Master of Science (M.Sc) is a postgraduate program. Duration: 2 Years; eligibility: Bachelor's in Science; listed tuition: $11,200 per year.",Direct,Reference + Answered FAQ
582,Program Details,Can I study Master of Science at Meridian?,"Master of Science (M.Sc) is a postgraduate program. Duration: 2 Years; eligibility: Bachelor's in Science; listed tuition: $11,200 per year.",Direct,Reference + Answered FAQ
583,Program Details,Is Master of Science a postgraduate program?,"Master of Science (M.Sc) is a postgraduate program. Duration: 2 Years; eligibility: Bachelor's in Science; listed tuition: $11,200 per year.",Direct,Reference + Answered FAQ
584,Program Details,What qualification is needed for Master of Science?,"Master of Science (M.Sc) is a postgraduate program. Duration: 2 Years; eligibility: Bachelor's in Science; listed tuition: $11,200 per year.",Direct,Reference + Answered FAQ
585,Program Details,What is the yearly fee for Master of Science?,"Master of Science (M.Sc) is a postgraduate program. Duration: 2 Years; eligibility: Bachelor's in Science; listed tuition: $11,200 per year.",Direct,Reference + Answered FAQ
586,Program Details,How much is Master of Arts tuition?,"Master of Arts (MA) is a postgraduate program. Duration: 2 Years; eligibility: Bachelor's Degree; listed tuition: $9,600 per year.",Direct,Reference + Answered FAQ
587,Program Details,What are the entry requirements for Master of Arts?,"Master of Arts (MA) is a postgraduate program. Duration: 2 Years; eligibility: Bachelor's Degree; listed tuition: $9,600 per year.",Direct,Reference + Answered FAQ
588,Program Details,How many years is Master of Arts?,"Master of Arts (MA) is a postgraduate program. Duration: 2 Years; eligibility: Bachelor's Degree; listed tuition: $9,600 per year.",Direct,Reference + Answered FAQ
589,Program Details,Can I study Master of Arts at Meridian?,"Master of Arts (MA) is a postgraduate program. Duration: 2 Years; eligibility: Bachelor's Degree; listed tuition: $9,600 per year.",Direct,Reference + Answered FAQ
590,Program Details,Is Master of Arts a postgraduate program?,"Master of Arts (MA) is a postgraduate program. Duration: 2 Years; eligibility: Bachelor's Degree; listed tuition: $9,600 per year.",Direct,Reference + Answered FAQ
591,Program Details,What qualification is needed for Master of Arts?,"Master of Arts (MA) is a postgraduate program. Duration: 2 Years; eligibility: Bachelor's Degree; listed tuition: $9,600 per year.",Direct,Reference + Answered FAQ
592,Program Details,What is the yearly fee for Master of Arts?,"Master of Arts (MA) is a postgraduate program. Duration: 2 Years; eligibility: Bachelor's Degree; listed tuition: $9,600 per year.",Direct,Reference + Answered FAQ
593,Program Details,How much is Master of Commerce tuition?,"Master of Commerce (M.Com) is a postgraduate program. Duration: 2 Years; eligibility: Bachelor's in Commerce; listed tuition: $9,900 per year.",Direct,Reference + Answered FAQ
594,Program Details,What are the entry requirements for Master of Commerce?,"Master of Commerce (M.Com) is a postgraduate program. Duration: 2 Years; eligibility: Bachelor's in Commerce; listed tuition: $9,900 per year.",Direct,Reference + Answered FAQ
595,Program Details,How many years is Master of Commerce?,"Master of Commerce (M.Com) is a postgraduate program. Duration: 2 Years; eligibility: Bachelor's in Commerce; listed tuition: $9,900 per year.",Direct,Reference + Answered FAQ
596,Program Details,Can I study Master of Commerce at Meridian?,"Master of Commerce (M.Com) is a postgraduate program. Duration: 2 Years; eligibility: Bachelor's in Commerce; listed tuition: $9,900 per year.",Direct,Reference + Answered FAQ
597,Program Details,Is Master of Commerce a postgraduate program?,"Master of Commerce (M.Com) is a postgraduate program. Duration: 2 Years; eligibility: Bachelor's in Commerce; listed tuition: $9,900 per year.",Direct,Reference + Answered FAQ
598,Program Details,What qualification is needed for Master of Commerce?,"Master of Commerce (M.Com) is a postgraduate program. Duration: 2 Years; eligibility: Bachelor's in Commerce; listed tuition: $9,900 per year.",Direct,Reference + Answered FAQ
599,Program Details,What is the yearly fee for Master of Commerce?,"Master of Commerce (M.Com) is a postgraduate program. Duration: 2 Years; eligibility: Bachelor's in Commerce; listed tuition: $9,900 per year.",Direct,Reference + Answered FAQ
600,University Overview,What does Meridian specialize in?,"The six schools cover engineering, computer science, business/management, arts, science and commerce.",Direct,Reference + Answered FAQ
601,University Overview,What are the university's main academic areas?,"Engineering, computer science, business/management, arts, science and commerce.",Direct,Reference + Answered FAQ
602,University Overview,How many schools are there?,There are six schools.,Direct,Reference + Answered FAQ
603,University Overview,How many students are there at Meridian?,"5,000+ students.",Direct,Reference + Answered FAQ
604,University Overview,How many faculty are there?,150+ faculty.,Direct,Reference + Answered FAQ
605,University Overview,How many alumni does Meridian have?,"40,000+ alumni across 70 countries and every major industry.",Direct,Reference + Answered FAQ
606,University Overview,How many international partnerships are there?,60+ exchange and research partner universities worldwide.,Direct,Reference + Answered FAQ
607,University Overview,How much research funding does Meridian have?,Over $40M in active research funding across engineering and sciences.,Direct,Reference + Answered FAQ
608,University Overview,What is the placement percentage at Meridian?,95% placement rate.,Direct,Reference + Answered FAQ
609,University Overview,What is the campus acreage?,120 acres.,Direct,Reference + Answered FAQ
610,Accreditation,Which bodies recognize Meridian?,"The reference lists National Board of Accreditation, International Association of Universities, Global Business School Network and Engineering Council Certified.",Direct,Reference + Answered FAQ
611,Accreditation,Has Meridian received national recognition?,Yes. The reference says it was ranked among the top 25 private universities nationally for four consecutive years and received national accreditation for its doctoral research programs in 2004.,Direct,Reference + Answered FAQ
612,Admission Process,Can I apply online?,Yes. Step 1 of the admission process is to apply online with academic and personal details.,Direct,Reference + Answered FAQ
613,Admission Process,What happens during admission review?,The admissions committee reviews the complete application profile.,Direct,Reference + Answered FAQ
614,Admission Process,What do I receive after admission review?,The applicant receives an admission decision and instructions to enroll.,Direct,Reference + Answered FAQ
615,Admission Process,Are test scores ever needed?,"The process includes uploading any required test scores, and admission may consider entrance scores where applicable.",Direct,Reference + Answered FAQ
616,Documents,Do I need transcripts?,Yes. Academic transcripts and mark sheets from the most recent qualification are required.,Direct,Reference + Answered FAQ
617,Documents,Do I need identification?,Yes. A government-issued photo ID or passport is required.,Direct,Reference + Answered FAQ
618,Documents,Do I need a photograph?,Yes. A recent passport-size photograph is required according to application specifications.,Direct,Reference + Answered FAQ
619,Documents,Is an SOP needed for undergraduate admission?,The reference specifically requires an SOP for postgraduate and doctoral applications; it does not list an SOP as a general undergraduate requirement.,Direct,Reference + Answered FAQ
620,Documents,Do international students need extra documents?,"Yes. They need a valid passport copy and, where applicable, an English proficiency score, in addition to general documents.",Direct,Reference + Answered FAQ
621,Scholarships,Is need-based aid available?,"Yes, for students demonstrating economic need.",Direct,Reference + Answered FAQ
622,Scholarships,What is the largest tuition waiver mentioned?,Up to 50% through the Merit Scholarship.,Direct,Reference + Answered FAQ
623,Scholarships,Who can receive the Sports & Arts Scholarship?,Students with distinguished sporting or artistic achievement.,Direct,Reference + Answered FAQ
624,Campus,Does Meridian have startup facilities?,Yes. Innovation Labs include dedicated startup incubation space.,Direct,Reference + Answered FAQ
625,Campus,Are there 3D printers?,Yes. Innovation Labs include 3D printers.,Direct,Reference + Answered FAQ
626,Campus,Does the library operate around the clock?,The reference says there are 24/7 reading halls.,Direct,Reference + Answered FAQ
627,Campus,How many clubs are there?,40+ student clubs.,Direct,Reference + Answered FAQ
628,Campus,How many sports are supported?,Twelve competitive sports.,Direct,Reference + Answered FAQ
629,Campus,Is housing secure?,The residence halls are described as secure and modern.,Direct,Reference + Answered FAQ
630,Campus,Is there dining on campus?,Yes. There is a cafeteria and food court with multi-cuisine dining and nutrition-conscious counters.,Direct,Reference + Answered FAQ
631,Research,What research fields are available?,"Doctoral research areas include Engineering & Computing, Business & Economics, Natural Sciences, and Humanities & Social Sciences.",Direct,Reference + Answered FAQ
632,Research,Are research positions funded?,The doctoral reference says funded research positions are available across every school.,Direct,Reference + Answered FAQ
633,Research,Are research labs available?,"The university has Innovation Labs, and the doctoral program mentions dedicated lab access.",Direct,Reference + Answered FAQ
634,Contact,What are the office hours?,"Monday–Friday, 9:00 AM–5:00 PM.",Direct,Reference + Answered FAQ
635,Contact,What is the university email?,admissions@meridian.edu.,Direct,Reference + Answered FAQ
636,Contact,What is the university phone?,+1 (555) 204-7890.,Direct,Reference + Answered FAQ
637,Contact,Where is the campus?,"221 Harborview Road, Meridian City, MC 40210.",Direct,Reference + Answered FAQ
638,Undergraduate Applicant,I have completed 10+2; what are my options?,"The undergraduate options are B.Tech Computer Science, B.Tech AI & Machine Learning, B.Tech IT, BBA, BCA, B.Com, BA and B.Sc, subject to each program's listed subject requirements.",Direct,Reference + Answered FAQ
639,Undergraduate Applicant,I completed high school. What is the admission route?,"You need 10+2 or equivalent with the minimum subject requirements for the selected program, then apply online, submit documents, undergo review and receive the admission decision.",Direct,Reference + Answered FAQ
640,Undergraduate Applicant,Can a student from any stream apply to BCA?,Yes. BCA is listed with 10+2 (Any Stream) eligibility.,Direct,Reference + Answered FAQ
641,Undergraduate Applicant,Can a student from any stream apply to BBA?,Yes. BBA is listed with 10+2 (Any Stream) eligibility.,Direct,Reference + Answered FAQ
642,Undergraduate Applicant,Can a student from any stream apply to B.Com?,Yes. B.Com is listed with 10+2 (Any Stream) eligibility.,Direct,Reference + Answered FAQ
643,Undergraduate Applicant,Can a student from any stream apply to BA?,Yes. BA is listed with 10+2 (Any Stream) eligibility.,Direct,Reference + Answered FAQ
644,Undergraduate Applicant,Can a PCM student apply to B.Sc?,Yes. B.Sc is listed with 10+2 (PCM/PCB) eligibility.,Direct,Reference + Answered FAQ
645,Undergraduate Applicant,Can a PCB student apply to B.Tech?,"The listed B.Tech programs require 10+2 (PCM), so the document does not show PCB as sufficient for B.Tech.",Direct,Reference + Answered FAQ
646,Graduate Applicant,What master's programs can I apply to?,"The listed options are MBA, MCA, M.Tech, M.Sc, MA and M.Com, subject to the eligibility for each.",Direct,Reference + Answered FAQ
647,Graduate Applicant,What can I do after a master's degree?,"You may consider the doctoral program if you have a relevant master's degree, research proposal and faculty availability in the chosen area.",Direct,Reference + Answered FAQ
648,Graduate Applicant,Do master's applicants need an SOP?,Yes. The reference lists an SOP as required for postgraduate applications.,Direct,Reference + Answered FAQ
649,Graduate Applicant,Do PhD applicants need an SOP?,Yes. The reference lists an SOP as required for doctoral applications.,Direct,Reference + Answered FAQ
650,Parent / Guardian,What are the key costs I should budget for?,"Budget for tuition plus application/processing, admission/registration, accommodation if needed, library/technology, examination fees and the refundable caution deposit.",Direct,Reference + Answered FAQ
651,Parent / Guardian,What should I know about campus facilities?,"The campus includes smart classrooms, a central library, Innovation Labs, sports complex, residence halls, cafeteria/food court, 40+ clubs and annual events.",Direct,Reference + Answered FAQ
652,Parent / Guardian,What should I know about the application deadlines?,The listed early deadline is January 15 and regular deadline is April 30; admission decisions are listed for June 10 and Fall begins August 1.,Direct,Reference + Answered FAQ
653,Parent / Guardian,Can I talk to admissions on behalf of my child?,"The reference supports engagement with the Admissions Office and callback scheduling, but it does not define a separate parent-specific authorization policy.",Direct,Reference + Answered FAQ
654,Comparisons,Compare B.Tech Computer Science and B.Tech AI & Machine Learning.,"Both are four-year B.Tech programs requiring 10+2 (PCM). B.Tech Computer Science is $14,500/year; B.Tech AI & Machine Learning is $15,200/year.",Direct,Reference + Answered FAQ
655,Comparisons,Compare B.Tech Computer Science and B.Tech Information Technology.,"Both are four-year B.Tech programs requiring 10+2 (PCM). B.Tech Computer Science is $14,500/year; B.Tech IT is $14,200/year.",Direct,Reference + Answered FAQ
656,Comparisons,Compare BCA and B.Tech Computer Science.,"BCA is a three-year program with 10+2 (Any Stream) eligibility and $10,200/year tuition. B.Tech Computer Science is four years, requires 10+2 (PCM), and is $14,500/year.",Direct,Reference + Answered FAQ
657,Comparisons,Compare MBA and MCA.,"Both are two-year postgraduate programs. MBA requires a bachelor's degree and is $18,500/year; MCA requires a bachelor's in computing and is $13,800/year.",Direct,Reference + Answered FAQ
658,Comparisons,Compare MCA and M.Tech.,"Both are two-year postgraduate programs. MCA requires a bachelor's in computing and costs $13,800/year; M.Tech requires B.Tech/B.E. and costs $14,600/year.",Direct,Reference + Answered FAQ
659,Comparisons,Compare BBA and B.Com.,"Both are three-year programs and both accept 10+2 from any stream. BBA is $10,800/year; B.Com is $8,600/year.",Direct,Reference + Answered FAQ
660,Comparisons,"Which is cheaper, BCA or B.Tech Computer Science?","BCA is listed at $10,200/year; B.Tech Computer Science is $14,500/year.",Direct,Reference + Answered FAQ
661,Comparisons,"Which is cheaper, MBA or MCA?","MCA is listed at $13,800/year; MBA is $18,500/year.",Direct,Reference + Answered FAQ
662,Comparisons,Which undergraduate program is cheapest?,"BA is the lowest listed undergraduate tuition at $7,900/year.",Direct,Reference + Answered FAQ
663,Comparisons,Which postgraduate program is cheapest?,"MA is the lowest listed postgraduate tuition at $9,600/year.",Direct,Reference + Answered FAQ
664,Fees & Dates,What are the one-time fees for undergraduate students?,"Undergraduate one-time fees listed are a $60 non-refundable application/processing fee, $500 admission/registration fee and $300 refundable caution deposit.",Direct,Reference + Answered FAQ
665,Fees & Dates,What are the one-time fees for postgraduate students?,"Postgraduate one-time fees listed are a $75 non-refundable application/processing fee, $650 admission/registration fee and $300 refundable caution deposit.",Direct,Reference + Answered FAQ
666,Fees & Dates,What are the recurring undergraduate fees besides tuition?,"Accommodation is $3,200/year, library/technology $350/year, and examination $120/semester, in addition to tuition.",Direct,Reference + Answered FAQ
667,Fees & Dates,What are the recurring postgraduate fees besides tuition?,"Accommodation is $3,200/year, library/technology $350/year, and examination $150/semester, in addition to tuition.",Direct,Reference + Answered FAQ
668,Fees & Dates,Can fees be paid annually?,Yes. The payment plan permits annual payment or two semester installments.,Direct,Reference + Answered FAQ
669,Fees & Dates,Is late payment penalized?,Yes. A late payment fee applies after the published due date each semester.,Direct,Reference + Answered FAQ
670,Fees & Dates,What is the listed decision date?,June 10.,Direct,Reference + Answered FAQ
671,Fees & Dates,What is the Fall start date?,August 1.,Direct,Reference + Answered FAQ
672,Fees & Dates,What is the early deadline?,January 15.,Direct,Reference + Answered FAQ
673,Fees & Dates,What is the regular deadline?,April 30.,Direct,Reference + Answered FAQ
674,Objection / Graceful,Are there installment plans?,Yes. Fees may be paid annually or in two semester installments; late payment fees apply after the due date.,Objection / Graceful,Answered FAQ + Reference
675,Objection / Graceful,Is there any financial assistance?,"Yes. Need-based aid is available, along with merit and Sports & Arts scholarship options.",Objection / Graceful,Answered FAQ + Reference
676,Objection / Graceful,Is the application processing fee refundable?,No. The processing fee is non-refundable.,Objection / Graceful,Answered FAQ + Reference
677,Objection / Graceful,Does the university guarantee jobs?,The reference does not state a job-placement guarantee; it reports a 95% placement rate.,Objection / Graceful,Answered FAQ + Reference
678,Objection / Graceful,What if I miss the deadline?,No late-application policy is specified; contact Admissions to check whether an alternative is available.,Objection / Graceful,Answered FAQ + Reference
679,Objection / Graceful,Can I apply to Meridian while considering other universities?,"Yes, no restriction is specified against applying to another university.",Objection / Graceful,Answered FAQ + Reference
680,Objection / Graceful,Is campus accommodation available?,"Yes, residence halls are listed at $3,200/year.",Objection / Graceful,Answered FAQ + Reference
681,Objection / Graceful,Can I speak to admissions later?,"Yes, callback scheduling is included in the admission-agent flow.",Objection / Graceful,Answered FAQ + Reference
682,Objection / Graceful,Can I research the university without applying now?,Yes. The reference does not require immediate application after an enquiry.,Objection / Graceful,Answered FAQ + Reference
683,Objection / Graceful,Can I ask my parents before deciding?,Yes. The FAQ says applicants may discuss their decision with their parents.,Objection / Graceful,Answered FAQ + Reference
684,Lists,List the undergraduate programs.,"The eight listed undergraduate programs are B.Tech Computer Science, B.Tech AI & Machine Learning, B.Tech Information Technology, BBA, BCA, B.Com, BA and B.Sc.",Direct,Reference + Answered FAQ
685,Lists,List the postgraduate programs.,"The six listed postgraduate programs are MBA, MCA, M.Tech (Various Specializations), M.Sc, MA and M.Com.",Direct,Reference + Answered FAQ
686,Lists,List the doctoral research areas.,Engineering & Computing; Business & Economics; Natural Sciences; Humanities & Social Sciences.,Direct,Reference + Answered FAQ
687,Lists,List the schools.,Engineering; Computer Science; Business/Management; Arts; Science; Commerce.,Direct,Reference + Answered FAQ
688,Lists,List the scholarships.,"Merit Scholarship, Need-Based Aid, Sports & Arts Scholarship.",Direct,Reference + Answered FAQ
689,Lists,List the admission intakes.,"Fall, Spring, and limited Summer options for select programs.",Direct,Reference + Answered FAQ
690,Lists,List the required admission documents.,"Academic transcripts/mark sheets, government-issued photo ID or passport, passport-size photograph, SOP for postgraduate/doctoral applicants, and for international applicants a passport copy and where applicable an English proficiency score.",Direct,Reference + Answered FAQ
691,Lists,List the campus facilities.,"Smart classrooms, central library, Innovation Labs, sports complex, residence halls, cafeteria/food court, student clubs and annual events.",Direct,Reference + Answered FAQ
692,Lists,List the important dates.,January 15 early deadline; April 30 regular deadline; June 10 decisions; August 1 Fall start.,Direct,Reference + Answered FAQ
693,Lists,List the contact details.,"221 Harborview Road, Meridian City, MC 40210; +1 (555) 204-7890; admissions@meridian.edu; Monday–Friday 9 AM–5 PM.",Direct,Reference + Answered FAQ
694,University Overview,What does Meridian say its educational approach is?,"The university says its approach pairs rigorous academics with direct exposure to industry, research and community so graduates leave with credentials and capability.",Direct,Reference + Answered FAQ
695,University Overview,What is Meridian's approach to education?,"Rigorous academics combined with direct exposure to industry, research and community.",Direct,Reference + Answered FAQ
696,University Overview,Does Meridian focus on industry exposure?,Yes. The reference explicitly describes direct exposure to industry as part of its approach.,Direct,Reference + Answered FAQ
697,University Overview,Does Meridian emphasize research?,"Yes. Research is part of its stated educational approach, and the university reports over $40M in active research funding.",Direct,Reference + Answered FAQ
698,University Overview,Does Meridian emphasize community engagement?,Yes. Community engagement is included in the university's stated approach.,Direct,Reference + Answered FAQ
699,University Overview,What happened in 1978 at Meridian?,Meridian opened with a single School of Engineering and 240 students.,Direct,Reference + Answered FAQ
700,University Overview,What happened in 1991?,"The School of Management was established, becoming the university's second school.",Direct,Reference + Answered FAQ
701,University Overview,What happened in 2004?,Meridian received national accreditation for its doctoral research programs.,Direct,Reference + Answered FAQ
702,University Overview,What happened in 2016?,A dedicated Innovation Labs and incubation wing opened on the main campus.,Direct,Reference + Answered FAQ
703,University Overview,What happened in 2024?,"Enrollment crossed 5,000 students across six schools and 50+ programs.",Direct,Reference + Answered FAQ
704,Accreditation,For how many years has Meridian been in the top 25 private universities nationally?,The reference says for four consecutive years.,Direct,Reference + Answered FAQ
705,Accreditation,Does Meridian have engineering certification?,The reference lists Engineering Council Certified among its accreditations/recognitions.,Direct,Reference + Answered FAQ
706,Accreditation,Is Meridian associated with the International Association of Universities?,Yes. It is listed among the university's accreditations/recognitions.,Direct,Reference + Answered FAQ
707,Accreditation,Is Meridian associated with the Global Business School Network?,Yes. It is listed among the university's accreditations/recognitions.,Direct,Reference + Answered FAQ
708,Accreditation,What national accreditation did Meridian receive in 2004?,National accreditation for its doctoral research programs.,Direct,Reference + Answered FAQ
709,Schools,Which school focuses on cybersecurity?,"The School of Computer Science is described as covering software, AI, data science and cybersecurity.",Direct,Reference + Answered FAQ
710,Schools,Which school focuses on finance?,"The School of Business / Management focuses on finance, marketing and entrepreneurship.",Direct,Reference + Answered FAQ
711,Schools,Which school focuses on accounting?,"The School of Commerce focuses on accounting, economics and business analytics.",Direct,Reference + Answered FAQ
712,Schools,Which school focuses on physics and chemistry?,"The School of Science covers physics, chemistry, biology and mathematics with research tracks.",Direct,Reference + Answered FAQ
713,Schools,Which school focuses on design and media?,"The School of Arts covers design, media, literature and humanities.",Direct,Reference + Answered FAQ
714,Schools,Which school has strong lab exposure?,The School of Engineering is described as having strong lab exposure.,Direct,Reference + Answered FAQ
715,Programs,What is the cheapest bachelor's degree?,"The BA is listed at $7,900 per year.",Direct,Reference + Answered FAQ
716,Programs,What is the most expensive bachelor's degree?,"B.Tech AI & Machine Learning is listed at $15,200 per year.",Direct,Reference + Answered FAQ
717,Programs,What is the cheapest master's degree?,"MA is listed at $9,600 per year.",Direct,Reference + Answered FAQ
718,Programs,What is the most expensive master's degree?,"MBA is listed at $18,500 per year.",Direct,Reference + Answered FAQ
719,Programs,Which bachelor's degrees last three years?,"BBA, BCA, B.Com, BA and B.Sc are three years.",Direct,Reference + Answered FAQ
720,Programs,Which bachelor's degrees last four years?,"B.Tech Computer Science, B.Tech AI & Machine Learning and B.Tech Information Technology are four years.",Direct,Reference + Answered FAQ
721,Programs,Which master's degrees last two years?,All six listed postgraduate programs are two years.,Direct,Reference + Answered FAQ
722,Programs,Which undergraduate programs require science subjects?,The B.Tech programs require PCM; B.Sc accepts PCM/PCB.,Direct,Reference + Answered FAQ
723,Programs,Which programs can a student from any stream consider?,"BBA, BCA, B.Com and BA.",Direct,Reference + Answered FAQ
724,Programs,Does the reference list individual M.Tech specializations?,No. It only says M.Tech has various specializations.,Direct,Reference + Answered FAQ
725,Programs,Does the reference list individual MBA specializations?,No. The reference lists MBA but does not enumerate specializations.,Direct,Reference + Answered FAQ
726,Programs,How many undergraduate programs are explicitly listed?,Eight undergraduate programs are explicitly listed.,Direct,Reference + Answered FAQ
727,Programs,How many postgraduate programs are explicitly listed?,Six postgraduate programs are explicitly listed.,Direct,Reference + Answered FAQ
728,Programs,How many doctoral research areas are explicitly listed?,Four doctoral research areas are explicitly listed.,Direct,Reference + Answered FAQ
729,Programs,Does the document list all 50+ programs individually?,"No. It states 50+ programs overall but explicitly lists eight undergraduate programs, six postgraduate programs and four doctoral research areas.",Direct,Reference + Answered FAQ
730,Undergraduate Applicant,I want a B.Tech. What choices are listed?,"The listed B.Tech choices are Computer Science, AI & Machine Learning, and Information Technology.",Direct,Reference + Answered FAQ
731,Undergraduate Applicant,Which B.Tech has the highest listed tuition?,"B.Tech AI & Machine Learning at $15,200 per year.",Direct,Reference + Answered FAQ
732,Undergraduate Applicant,Which B.Tech has the lowest listed tuition?,"B.Tech Information Technology at $14,200 per year.",Direct,Reference + Answered FAQ
733,Undergraduate Applicant,Can I choose BCA with any 12th stream?,Yes. BCA is listed as 10+2 (Any Stream).,Direct,Reference + Answered FAQ
734,Undergraduate Applicant,Can I choose BBA with any 12th stream?,Yes. BBA is listed as 10+2 (Any Stream).,Direct,Reference + Answered FAQ
735,Undergraduate Applicant,Can I choose B.Com with any 12th stream?,Yes. B.Com is listed as 10+2 (Any Stream).,Direct,Reference + Answered FAQ
736,Undergraduate Applicant,Can I choose BA with any 12th stream?,Yes. BA is listed as 10+2 (Any Stream).,Direct,Reference + Answered FAQ
737,Undergraduate Applicant,Which program is available for PCM or PCB students?,B.Sc is listed with 10+2 (PCM/PCB) eligibility.,Direct,Reference + Answered FAQ
738,Undergraduate Applicant,What are the B.Tech admission subjects?,The listed B.Tech programs require 10+2 (PCM).,Direct,Reference + Answered FAQ
739,Graduate Applicant,Which master's program is for computing graduates?,MCA is listed with eligibility of a bachelor's in computing.,Direct,Reference + Answered FAQ
740,Graduate Applicant,Which master's program is for B.Tech/B.E. graduates?,M.Tech is listed with eligibility of B.Tech/B.E.,Direct,Reference + Answered FAQ
741,Graduate Applicant,Which master's program is for science graduates?,M.Sc is listed with eligibility of a bachelor's in science.,Direct,Reference + Answered FAQ
742,Graduate Applicant,Which master's program is for commerce graduates?,M.Com is listed with eligibility of a bachelor's in commerce.,Direct,Reference + Answered FAQ
743,Graduate Applicant,Which master's programs accept a bachelor's degree generally?,MBA and MA are listed with eligibility of a bachelor's degree.,Direct,Reference + Answered FAQ
744,Graduate Applicant,Do postgraduate applicants need transcripts?,Yes. Academic transcripts/mark sheets are part of the required documents.,Direct,Reference + Answered FAQ
745,Graduate Applicant,Do postgraduate applicants need an SOP?,Yes. An SOP is required for postgraduate applications.,Direct,Reference + Answered FAQ
746,Graduate Applicant,Can a postgraduate applicant apply to two programs?,Yes. Applicants may apply to up to two programs within the same intake cycle.,Direct,Reference + Answered FAQ
747,Doctoral Programs,What research can I do in AI?,AI systems are listed under the Engineering & Computing doctoral research area.,Direct,Reference + Answered FAQ
748,Doctoral Programs,What research can I do in robotics?,Robotics is listed under the Engineering & Computing doctoral research area.,Direct,Reference + Answered FAQ
749,Doctoral Programs,What research can I do in distributed computing?,Distributed computing is listed under the Engineering & Computing doctoral research area.,Direct,Reference + Answered FAQ
750,Doctoral Programs,What research can I do in network security?,Network security is listed under the Engineering & Computing doctoral research area.,Direct,Reference + Answered FAQ
751,Doctoral Programs,What business research areas are available for PhD?,"Organizational behavior, financial markets and applied economics.",Direct,Reference + Answered FAQ
752,Doctoral Programs,What natural science research areas are available for PhD?,"Materials science, molecular biology and computational chemistry.",Direct,Reference + Answered FAQ
753,Doctoral Programs,What humanities research areas are available for PhD?,"Media studies, comparative literature and public policy.",Direct,Reference + Answered FAQ
754,Doctoral Programs,Where can I get a PhD fee quotation?,The reference says prospective PhD candidates should be directed to the Admissions Office for a specific quotation.,Direct,Reference + Answered FAQ
755,Admission Process,Does every program require an interview?,No such universal requirement is stated. The reference says select programs may require a personal statement or interview.,Direct,Reference + Answered FAQ
756,Admission Process,Does every program require an entrance exam?,No. The reference says entrance scores may apply where applicable and does not state that an entrance exam is mandatory for every program.,Direct,Reference + Answered FAQ
757,Admission Process,What information is entered in the online application?,Academic and personal details are entered in the online application.,Direct,Reference + Answered FAQ
758,Admission Process,What is step 2 of admission?,"Submit documents, including transcripts, identification and any required test scores.",Direct,Reference + Answered FAQ
759,Admission Process,What is step 3 of admission?,Admission review by the admissions committee.,Direct,Reference + Answered FAQ
760,Admission Process,What is step 4 of admission?,The applicant receives the admission decision and instructions to enroll.,Direct,Reference + Answered FAQ
761,Admission Process,Who reviews my application?,The admissions committee reviews the complete application profile.,Direct,Reference + Answered FAQ
762,Admission Process,Will I receive enrollment instructions?,Yes. The offer/admission decision includes instructions to enroll.,Direct,Reference + Answered FAQ
763,Documents,Are mark sheets required?,Yes. Academic transcripts and mark sheets from the most recent qualification are required.,Direct,Reference + Answered FAQ
764,Documents,Can I use a passport as my ID?,Yes. A government-issued photo ID or passport is listed.,Direct,Reference + Answered FAQ
765,Documents,Do I need a passport-size photo?,Yes. A recent passport-size photograph is required.,Direct,Reference + Answered FAQ
766,Documents,Is an English test always required for international students?,Not necessarily. The document says an English proficiency score is required where applicable.,Direct,Reference + Answered FAQ
767,Documents,Is an SOP required for PhD?,Yes. The reference requires an SOP for doctoral applications.,Direct,Reference + Answered FAQ
768,Documents,Is an SOP required for postgraduate programs?,Yes. The reference requires an SOP for postgraduate applications.,Direct,Reference + Answered FAQ
769,Intakes & Dates,Which intakes are regular?,Fall and Spring are the regular intake cycles.,Direct,Reference + Answered FAQ
770,Intakes & Dates,Is Summer available for every program?,No. The reference says Summer options are limited to select programs.,Direct,Reference + Answered FAQ
771,Intakes & Dates,When is the early application deadline?,January 15.,Direct,Reference + Answered FAQ
772,Intakes & Dates,When is the regular application deadline?,April 30.,Direct,Reference + Answered FAQ
773,Intakes & Dates,When are decisions listed to be released?,June 10 is the listed admission-decision date.,Direct,Reference + Answered FAQ
774,Intakes & Dates,When does the Fall semester start?,August 1.,Direct,Reference + Answered FAQ
775,Fees & Financial,What is the undergraduate fee range?,"$7,900–$15,200 tuition per year, plus the listed additional fees.",Direct,Reference + Answered FAQ
776,Fees & Financial,What is the postgraduate fee range?,"$9,600–$18,500 tuition per year, plus the listed additional fees.",Direct,Reference + Answered FAQ
777,Fees & Financial,How much is the undergraduate processing fee?,"$60, one-time and non-refundable.",Direct,Reference + Answered FAQ
778,Fees & Financial,How much is the postgraduate processing fee?,"$75, one-time and non-refundable.",Direct,Reference + Answered FAQ
779,Fees & Financial,How much is undergraduate registration?,"$500, one-time.",Direct,Reference + Answered FAQ
780,Fees & Financial,How much is postgraduate registration?,"$650, one-time.",Direct,Reference + Answered FAQ
781,Fees & Financial,How much is the refundable deposit?,$300.,Direct,Reference + Answered FAQ
782,Fees & Financial,How much is the annual hostel charge?,"$3,200 per year.",Direct,Reference + Answered FAQ
783,Fees & Financial,How much is the library technology charge?,$350 per year.,Direct,Reference + Answered FAQ
784,Fees & Financial,How much is the undergraduate exam charge?,$120 per semester.,Direct,Reference + Answered FAQ
785,Fees & Financial,How much is the postgraduate exam charge?,$150 per semester.,Direct,Reference + Answered FAQ
786,Fees & Financial,Are the fee figures current official fees?,The reference explicitly labels the figures as illustrative dummy figures and says they should be replaced with verified current fee data before production use.,Direct,Reference + Answered FAQ
787,Scholarships,What scholarships are specifically named?,"Merit Scholarship, Need-Based Aid, and Sports & Arts Scholarship.",Direct,Reference + Answered FAQ
788,Scholarships,How much can the merit scholarship waive?,Up to 50% of tuition.,Direct,Reference + Answered FAQ
789,Scholarships,Does need-based aid have a stated percentage?,No. The reference says need-based financial assistance is available but does not specify a percentage.,Direct,Reference + Answered FAQ
790,Scholarships,Does the Sports & Arts scholarship have a stated percentage?,No. The reference does not specify a percentage for Sports & Arts Scholarships.,Direct,Reference + Answered FAQ
791,International Students,Are international applicants explicitly accepted?,Yes.,Direct,Reference + Answered FAQ
792,International Students,What is the main extra document for international applicants?,A valid passport copy.,Direct,Reference + Answered FAQ
793,International Students,What additional test may international applicants need?,"An English proficiency score, where applicable.",Direct,Reference + Answered FAQ
794,International Students,Does the document specify international tuition?,No separate international tuition structure is specified.,Direct,Reference + Answered FAQ
795,Campus & Student Life,How many books are in the library?,"200,000+ volumes.",Direct,Reference + Answered FAQ
796,Campus & Student Life,Does the library have 24-hour reading?,Yes. It has 24/7 reading halls.,Direct,Reference + Answered FAQ
797,Campus & Student Life,How many sports does the sports complex support?,Twelve competitive sports.,Direct,Reference + Answered FAQ
798,Campus & Student Life,How many student clubs are there?,40+ clubs.,Direct,Reference + Answered FAQ
799,Campus & Student Life,What are the residence halls like?,"They are described as secure, modern housing with common lounges and study rooms.",Direct,Reference + Answered FAQ
800,Campus & Student Life,Is there startup incubation?,Yes. Innovation Labs include dedicated startup incubation space.,Direct,Reference + Answered FAQ
801,Campus & Student Life,Is there a cafeteria?,Yes. There is a cafeteria and food court.,Direct,Reference + Answered FAQ
802,Campus & Student Life,What type of dining is offered?,Multi-cuisine dining with nutrition-conscious counters.,Direct,Reference + Answered FAQ
803,Placements & Research,Is the 95% placement rate an overall university figure?,The University at a Glance section lists an overall 95% placement rate; program-specific placement rates are not provided.,Direct,Reference + Answered FAQ
804,Placements & Research,Does the document give average salaries?,No.,Direct,Reference + Answered FAQ
805,Placements & Research,Does the document list employers?,No specific employers are listed.,Direct,Reference + Answered FAQ
806,Placements & Research,How much research funding is reported?,Over $40M in active research funding across engineering and sciences.,Direct,Reference + Answered FAQ
807,Placements & Research,How many partner universities are reported?,60+ partner universities worldwide.,Direct,Reference + Answered FAQ
808,Contact,Can I email Admissions?,Yes. The listed email is admissions@meridian.edu.,Direct,Reference + Answered FAQ
809,Contact,Can I call Admissions?,Yes. The listed phone number is +1 (555) 204-7890.,Direct,Reference + Answered FAQ
810,Contact,When can I contact the Admissions Office?,"Monday–Friday, 9:00 AM–5:00 PM.",Direct,Reference + Answered FAQ
811,Contact,Can the admissions team call me?,Yes. The agent flow includes callback scheduling.,Direct,Reference + Answered FAQ
812,Contact,Can the brochure be sent by WhatsApp?,Yes. The admission-agent script includes email or WhatsApp as brochure-delivery options.,Direct,Reference + Answered FAQ
813,Contact,Can the brochure be sent by email?,Yes. The admission-agent script includes email or WhatsApp as brochure-delivery options.,Direct,Reference + Answered FAQ
814,Contact,Can I request a callback at a preferred time?,Yes. The conversation flow asks for the best time to contact the student.,Direct,Reference + Answered FAQ
815,Graceful Handling,Does the reference say Meridian is the best university?,No. The reference provides facts about Meridian but does not establish an overall 'best university' comparison.,Graceful Unknown,Reference + Answered FAQ
816,Graceful Handling,Can you recommend Meridian over another university?,The reference does not provide a direct university-by-university comparison. It can provide Meridian's documented facts for comparison.,Graceful Unknown,Reference + Answered FAQ
817,Graceful Handling,Can you tell me whether Meridian is worth the money?,The reference provides fee information and university features but does not provide a value-for-money assessment.,Graceful Unknown,Reference + Answered FAQ
818,Graceful Handling,Can you guarantee I will get a job after graduation?,No such guarantee is stated in the reference. It only reports a 95% placement rate.,Graceful Unknown,Reference + Answered FAQ
819,Graceful Handling,Can you guarantee admission?,The reference does not state any admission guarantee.,Graceful Unknown,Reference + Answered FAQ
820,Graceful Handling,Can you tell me my exact chance of admission?,The reference does not provide an admission-probability calculation or guarantee. Admission depends on the stated eligibility and review process.,Graceful Unknown,Reference + Answered FAQ
821,Graceful Handling,Can you tell me my exact scholarship amount?,"The reference lists scholarship categories and up to 50% merit tuition waiver, but it does not calculate an individual's award.",Graceful Unknown,Reference + Answered FAQ
822,Graceful Handling,Can you calculate my exact total fee?,"The reference provides fee components, but the exact total depends on the selected program, accommodation and applicable charges.",Graceful Unknown,Reference + Answered FAQ
823,Graceful Handling,Can you tell me whether I personally qualify?,"The reference can explain the published eligibility criteria, but it does not make an individual admission decision.",Graceful Unknown,Reference + Answered FAQ
824,Graceful Handling,Can you tell me if my marks are enough?,The reference says applicants must meet the program's minimum requirements but does not provide all program-specific minimum percentages.,Graceful Unknown,Reference + Answered FAQ
825,Graceful Handling,Can you tell me which program is best for me?,"The reference does not provide a formal recommendation procedure. It can explain program options, eligibility, duration and fees so you can evaluate them.",Graceful Unknown,Reference + Answered FAQ
826,Graceful Handling,"Can you tell me which university is better, Meridian or another university?",The reference does not provide a direct university comparison. It can provide Meridian's documented facts.,Graceful Unknown,Reference + Answered FAQ
827,Graceful Handling,Can you give me information that is not in the reference?,"The agent should rely on the supplied knowledge and, where the information is not provided, direct the applicant to Admissions rather than inventing an answer.",Graceful Unknown,Reference + Answered FAQ
